date,customer,sku,batch,qty
2026-09-17,CH-104,PH-001,P-5560,24
2026-09-17,CH-215,PH-007,B1197,17
2026-09-17,CH-391,PH-071,B3134,3
2026-09-17,CH-356,PH-070,B3087,3
2026-09-17,CH-015,PH-036,B2042,18
2026-09-17,CH-250,PH-041,B2204,3
2026-09-17,CH-330,PH-026,B1757,2
2026-09-17,CH-084,PH-026,B1757,22
2026-09-17,CH-242,PH-007,B1179,6
2026-09-17,CH-125,PH-008,B1221,1
2026-09-17,CH-100,PH-009,B1255,7
2026-09-17,CH-004,PH-009,B1269,5
2026-09-17,CH-334,PH-049,B2466,13
2026-09-17,CH-025,PH-052,B2541,9
2026-09-17,CH-147,PH-052,B2541,9
2026-09-17,CH-155,PH-068,B3028,3
2026-09-17,CH-154,PH-010,B1300,10
2026-09-17,CH-186,PH-069,B3069,6
2026-09-17,CH-182,PH-035,B2018,10
2026-09-17,CH-288,PH-007,B1197,10
2026-09-17,HS-16,PH-073,B3160,13
2026-09-17,HS-06,PH-039,B2165,7
2026-09-17,CH-019,PH-039,B2158,7
2026-09-17,CH-313,PH-039,B2165,3
2026-09-17,CH-020,PH-004,B2219,8
2026-09-17,CH-357,PH-004,B2219,6
2026-09-17,CH-376,PH-075,B3227,2
2026-09-17,CH-220,PH-027,B1773,14
2026-09-17,CH-105,PH-072,B3150,5
2026-09-17,CH-175,PH-002,B1042,3
2026-09-17,CH-135,PH-003,B1083,6
2026-09-17,CH-033,PH-028,B1810,5
2026-09-17,CH-086,PH-028,B1791,2
2026-09-17,CH-339,PH-037,B2070,13
2026-09-17,CH-378,PH-040,B2195,12
2026-09-17,CH-188,PH-005,B1140,7
2026-09-17,CH-214,PH-051,B2508,13
2026-09-17,CH-398,PH-074,B3206,7
2026-09-17,CH-148,PH-038,B2114,8
2026-09-17,CH-084,PH-042,B2250,5
2026-09-17,CH-280,PH-067,B2981,13
2026-09-17,CH-193,PH-053,B2576,6
2026-09-17,CH-304,PH-018,B1530,13
2026-09-17,CH-239,PH-045,B2324,1
2026-09-17,CH-077,PH-059,B2761,2
2026-09-17,CH-214,PH-023,B1671,7
2026-09-17,CH-291,PH-058,B2719,11
2026-09-17,HS-06,PH-019,B1552,3
2026-09-17,HS-06,PH-017,B1488,14
2026-09-17,CH-250,PH-031,CS-7731,4
2026-09-17,CH-110,PH-020,B1570,3
2026-09-17,CH-029,PH-046,B2367,3
2026-09-17,CH-210,PH-057,B2683,9
2026-09-17,CH-341,PH-021,B1595,4
2026-09-17,CH-400,PH-056,B2658,1
2026-09-17,CH-218,PH-047,B2386,1
2026-09-17,CH-084,PH-022,B1656,5
2026-09-17,CH-298,PH-054,B2622,7
2026-09-17,CH-060,PH-067,B2981,4
2026-09-17,CH-285,PH-061,B2827,13
2026-09-17,CH-110,PH-016,B1454,9
2026-09-17,CH-115,PH-043,VD-1201,23
2026-09-17,CH-127,PH-066,B2975,1
2026-09-17,CH-235,PH-025,B1724,14
2026-09-17,CH-155,PH-012,B1366,5
2026-09-17,CH-139,PH-065,B2948,21
2026-09-17,CH-021,PH-013,IG-3302,10
2026-09-17,CH-342,PH-034,B1977,11
2026-09-17,HS-15,PH-024,B1699,5
2026-09-17,CH-075,PH-064,B2918,18
2026-09-17,CH-076,PH-048,B2414,5
2026-09-17,CH-189,PH-029,B1826,5
2026-09-17,CH-155,PH-063,B2899,6
2026-09-17,CH-344,PH-015,B1443,11
2026-09-17,CH-364,PH-033,B1959,2
2026-09-17,CH-246,PH-062,B2874,9
2026-09-17,CH-312,PH-044,B2295,14
2026-09-17,CH-258,PH-014,B1410,8
2026-09-17,CH-089,PH-038,B2130,3
2026-09-17,CH-247,PH-011,B1314,7
2026-09-17,CH-101,PH-001,P-5560,17
2026-09-17,CH-008,PH-050,B2475,10
2026-09-17,CH-339,PH-001,P-5560,27
2026-09-18,CH-390,PH-049,B2442,10
2026-09-18,CH-240,PH-057,B2700,4
2026-09-18,CH-372,PH-064,B2907,10
2026-09-18,CH-394,PH-032,B1904,1
2026-09-18,CH-368,PH-046,B2352,5
2026-09-18,HS-15,PH-020,B1579,1
2026-09-18,CH-104,PH-070,B3087,5
2026-09-18,CH-134,PH-010,B1281,11
2026-09-18,CH-290,PH-014,B1399,3
2026-09-18,CH-339,PH-054,B2593,5
2026-09-18,CH-075,PH-060,B2794,2
2026-09-18,CH-399,PH-036,B2042,12
2026-09-18,CH-312,PH-002,B1042,6
2026-09-18,CH-094,PH-001,P-5560,34
2026-09-18,CH-343,PH-042,B2234,6
2026-09-18,CH-292,PH-048,B2430,7
2026-09-18,CH-397,PH-027,B1781,6
2026-09-18,CH-093,PH-053,B2585,4
2026-09-18,CH-342,PH-075,B3212,3
2026-09-18,CH-248,PH-016,B1474,13
2026-09-18,CH-171,PH-043,VD-1201,20
2026-09-18,CH-184,PH-067,B3007,18
2026-09-18,CH-103,PH-007,B1207,26
2026-09-18,CH-353,PH-007,B1179,7
2026-09-18,CH-133,PH-001,P-5560,12
2026-09-18,HS-16,PH-021,B1595,9
2026-09-18,CH-216,PH-011,B1310,4
2026-09-18,CH-380,PH-050,B2501,13
2026-09-18,CH-315,PH-004,B2219,13
2026-09-18,CH-262,PH-035,B2006,15
2026-09-18,CH-143,PH-068,B3015,3
2026-09-18,CH-296,PH-036,B2055,12
2026-09-18,CH-068,PH-074,B3206,14
2026-09-18,CH-080,PH-073,B3177,8
2026-09-18,CH-336,PH-073,B3160,11
2026-09-18,CH-300,PH-008,B1227,1
2026-09-18,CH-385,PH-051,B2508,18
2026-09-18,CH-135,PH-062,B2864,6
2026-09-18,CH-124,PH-062,B2874,1
2026-09-18,CH-357,PH-069,B3069,8
2026-09-18,CH-363,PH-018,B1527,22
2026-09-18,CH-079,PH-005,B1135,3
2026-09-18,CH-314,PH-033,B1948,2
2026-09-18,CH-389,PH-059,B2761,4
2026-09-18,CH-012,PH-023,B1671,11
2026-09-18,CH-379,PH-072,B3141,12
2026-09-18,CH-129,PH-009,B1273,6
2026-09-18,CH-198,PH-026,B1750,17
2026-09-18,CH-190,PH-006,B1160,3
2026-09-18,CH-373,PH-040,B2177,19
2026-09-18,HS-09,PH-028,B1810,3
2026-09-18,HS-18,PH-058,B2726,11
2026-09-18,CH-199,PH-037,B2073,22
2026-09-18,CH-152,PH-026,B1737,8
2026-09-18,HS-09,PH-015,B1443,13
2026-09-18,CH-026,PH-063,B2891,11
2026-09-18,CH-280,PH-031,CS-7731,5
2026-09-18,CH-335,PH-019,B1552,1
2026-09-18,CH-382,PH-003,B1064,10
2026-09-18,CH-130,PH-041,B2225,8
2026-09-18,CH-034,PH-052,B2541,25
2026-09-18,CH-200,PH-029,B1826,8
2026-09-18,CH-322,PH-004,B2219,9
2026-09-18,CH-300,PH-013,IG-3302,16
2026-09-18,CH-198,PH-001,P-5560,8
2026-09-18,CH-331,PH-066,B2964,6
2026-09-18,CH-159,PH-024,B1703,5
2026-09-18,CH-087,PH-071,B3118,4
2026-09-18,CH-082,PH-017,B1499,3
2026-09-18,HS-07,PH-030,B1854,2
2026-09-18,CH-165,PH-047,B2386,1
2026-09-18,CH-209,PH-065,B2957,17
2026-09-18,CH-138,PH-034,B1981,17
2026-09-18,CH-033,PH-025,B1724,10
2026-09-18,CH-230,PH-017,B1488,6
2026-09-18,CH-194,PH-039,B2165,10
2026-09-18,CH-192,PH-038,B2130,9
2026-09-18,CH-214,PH-022,B1629,5
2026-09-18,CH-334,PH-061,B2841,5
2026-09-18,CH-016,PH-012,B1334,8
2026-09-18,CH-068,PH-061,B2841,11
2026-09-18,CH-175,PH-001,P-5560,21
2026-09-18,CH-130,PH-056,B2680,3
2026-09-18,CH-250,PH-044,B2295,20
2026-09-18,CH-023,PH-065,B2957,6
2026-09-19,CH-099,PH-007,B1197,10
2026-09-19,CH-278,PH-063,B2878,8
2026-09-19,CH-198,PH-026,B1750,7
2026-09-19,CH-018,PH-031,CS-7731,6
2026-09-19,CH-038,PH-039,B2168,10
2026-09-19,CH-199,PH-019,B1552,2
2026-09-19,CH-287,PH-026,B1750,10
2026-09-19,CH-114,PH-041,B2204,5
2026-09-19,CH-152,PH-003,B1064,7
2026-09-19,HS-09,PH-039,B2168,1
2026-09-19,CH-118,PH-052,B2547,5
2026-09-19,CH-181,PH-024,B1703,3
2026-09-19,HS-19,PH-068,B3025,5
2026-09-19,CH-223,PH-074,B3206,9
2026-09-19,CH-270,PH-004,B2219,13
2026-09-19,CH-077,PH-066,B2967,5
2026-09-19,CH-085,PH-048,B2414,4
2026-09-19,CH-342,PH-004,B2219,14
2026-09-19,HS-11,PH-036,B2055,20
2026-09-19,CH-323,PH-001,P-5560,11
2026-09-19,CH-013,PH-035,B2006,11
2026-09-19,CH-251,PH-001,P-5560,24
2026-09-19,HS-01,PH-030,B1847,1
2026-09-19,CH-082,PH-060,B2806,2
2026-09-19,CH-234,PH-014,B1405,6
2026-09-19,CH-142,PH-065,B2948,17
2026-09-19,CH-104,PH-001,P-5560,34
2026-09-19,CH-283,PH-017,B1499,7
2026-09-19,CH-360,PH-050,B2501,11
2026-09-19,CH-276,PH-015,B1443,11
2026-09-19,CH-053,PH-029,B1826,13
2026-09-19,CH-014,PH-037,B2073,18
2026-09-19,CH-069,PH-044,B2310,11
2026-09-19,CH-098,PH-051,B2508,6
2026-09-19,CH-157,PH-061,B2841,13
2026-09-19,CH-078,PH-013,IG-3302,2
2026-09-19,CH-380,PH-069,B3069,6
2026-09-19,CH-211,PH-069,B3039,6
2026-09-19,CH-351,PH-008,B1221,2
2026-09-19,CH-110,PH-051,B2508,6
2026-09-19,CH-181,PH-051,B2523,5
2026-09-19,CH-029,PH-012,B1366,8
2026-09-19,CH-019,PH-051,B2508,2
2026-09-19,CH-216,PH-062,B2854,7
2026-09-19,HS-01,PH-044,B2295,6
2026-09-19,CH-200,PH-018,B1527,14
2026-09-19,CH-038,PH-005,B1144,8
2026-09-19,CH-304,PH-022,B1646,5
2026-09-19,CH-149,PH-059,B2773,3
2026-09-19,CH-243,PH-073,B3160,11
2026-09-19,CH-195,PH-033,B1931,5
2026-09-19,CH-272,PH-023,B1671,7
2026-09-19,CH-099,PH-072,B3150,2
2026-09-19,CH-342,PH-009,B1255,3
2026-09-19,CH-200,PH-006,B1160,1
2026-09-19,CH-253,PH-028,B1796,3
2026-09-19,CH-174,PH-040,B2182,13
2026-09-19,CH-134,PH-058,B2726,8
2026-09-19,CH-230,PH-038,B2130,12
2026-09-19,CH-090,PH-011,B1331,4
2026-09-19,CH-101,PH-034,B1977,11
2026-09-19,CH-011,PH-020,B1570,4
2026-09-19,CH-315,PH-010,B1277,6
2026-09-19,CH-207,PH-052,B2541,19
2026-09-19,CH-124,PH-013,IG-3302,14
2026-09-19,CH-279,PH-025,B1724,4
2026-09-19,CH-326,PH-002,B1045,1
2026-09-19,HS-05,PH-055,B2648,1
2026-09-19,CH-325,PH-043,VD-1201,14
2026-09-19,CH-241,PH-043,VD-1201,7
2026-09-19,CH-080,PH-016,B1474,13
2026-09-19,CH-351,PH-071,B3112,3
2026-09-19,CH-354,PH-032,B1922,2
2026-09-19,CH-399,PH-042,B2234,5
2026-09-19,CH-167,PH-065,B2948,4
2026-09-19,CH-354,PH-064,B2925,6
2026-09-19,CH-400,PH-064,B2907,13
2026-09-19,HS-01,PH-027,B1764,11
2026-09-19,CH-316,PH-049,B2466,7
2026-09-19,CH-184,PH-017,B1499,4
2026-09-19,CH-205,PH-057,B2683,9
2026-09-19,CH-152,PH-067,B2981,4
2026-09-19,CH-154,PH-070,B3103,3
2026-09-19,CH-219,PH-046,B2367,3
2026-09-19,CH-308,PH-007,B1207,24
2026-09-19,CH-218,PH-053,B2585,4
2026-09-19,CH-056,PH-067,B2981,17
2026-09-19,CH-297,PH-054,B2605,6
2026-09-19,CH-347,PH-075,B3227,3
2026-09-19,CH-096,PH-021,B1595,4
2026-09-19,CH-169,PH-056,B2665,1
2026-09-20,CH-159,PH-052,B2561,30
2026-09-20,CH-066,PH-029,B1826,11
2026-09-20,CH-384,PH-028,B1810,5
2026-09-20,CH-257,PH-006,B1171,2
2026-09-20,CH-215,PH-072,B3150,5
2026-09-20,CH-317,PH-016,B1462,8
2026-09-20,CH-067,PH-051,B2508,14
2026-09-20,CH-023,PH-034,B1997,11
2026-09-20,CH-185,PH-001,P-5560,27
2026-09-20,CH-193,PH-032,B1910,6
2026-09-20,CH-271,PH-058,B2726,16
2026-09-20,CH-038,PH-034,B1997,9
2026-09-20,CH-115,PH-033,B1959,1
2026-09-20,CH-200,PH-009,B1255,9
2026-09-20,HS-02,PH-026,B1750,20
2026-09-20,CH-025,PH-043,VD-1201,18
2026-09-20,CH-371,PH-005,B1135,10
2026-09-20,CH-257,PH-044,B2310,5
2026-09-20,CH-062,PH-045,B2324,1
2026-09-20,CH-151,PH-021,B1609,6
2026-09-20,CH-258,PH-056,B2680,1
2026-09-20,CH-055,PH-013,IG-3302,5
2026-09-20,CH-348,PH-024,B1695,2
2026-09-20,CH-071,PH-012,B1334,5
2026-09-20,CH-002,PH-040,B2177,12
2026-09-20,CH-178,PH-067,B3007,18
2026-09-20,CH-313,PH-007,B1197,14
2026-09-20,CH-395,PH-062,B2874,6
2026-09-20,CH-375,PH-011,B1310,6
2026-09-20,CH-369,PH-017,B1488,14
2026-09-20,CH-260,PH-023,B1671,4
2026-09-20,CH-185,PH-018,B1527,12
2026-09-20,CH-335,PH-059,B2761,1
2026-09-20,CH-339,PH-018,B1527,17
2026-09-20,CH-281,PH-017,B1499,4
2026-09-20,CH-222,PH-022,B1646,3
2026-09-20,CH-274,PH-005,B1144,5
2026-09-20,CH-241,PH-043,VD-1201,9
2026-09-20,CH-268,PH-073,B3165,22
2026-09-20,CH-282,PH-073,B3165,3
2026-09-20,CH-261,PH-044,B2295,9
2026-09-20,CH-054,PH-038,B2149,8
2026-09-20,CH-193,PH-020,B1579,1
2026-09-20,CH-191,PH-007,B1179,15
2026-09-20,CH-133,PH-039,B2158,2
2026-09-20,CH-153,PH-002,B1045,7
2026-09-20,CH-004,PH-013,IG-3302,8
2026-09-20,CH-297,PH-068,B3025,2
2026-09-20,CH-147,PH-004,B2219,6
2026-09-20,CH-317,PH-064,B2918,11
2026-09-20,CH-061,PH-074,B3184,8
2026-09-20,CH-061,PH-004,B2219,10
2026-09-20,CH-183,PH-071,B3112,3
2026-09-20,CH-026,PH-048,B2414,6
2026-09-20,CH-291,PH-036,B2042,18
2026-09-20,CH-328,PH-049,B2466,5
2026-09-20,CH-029,PH-035,B2033,13
2026-09-20,CH-224,PH-046,B2360,7
2026-09-20,CH-354,PH-069,B3069,14
2026-09-20,CH-176,PH-014,B1399,2
2026-09-20,CH-243,PH-054,B2593,1
2026-09-20,CH-051,PH-030,B1854,4
2026-09-20,CH-288,PH-054,B2605,7
2026-09-20,CH-248,PH-060,B2806,1
2026-09-20,CH-004,PH-066,B2967,4
2026-09-20,CH-001,PH-057,B2693,13
2026-09-20,CH-355,PH-070,B3095,1
2026-09-20,CH-392,PH-039,B2158,8
2026-09-20,CH-324,PH-003,B1083,4
2026-09-20,CH-207,PH-075,B3212,10
2026-09-20,CH-047,PH-050,B2475,13
2026-09-20,CH-109,PH-025,B1710,9
2026-09-20,CH-309,PH-042,B2250,8
2026-09-20,CH-006,PH-031,CS-7790,5
2026-09-20,CH-089,PH-007,B1197,10
2026-09-20,CH-032,PH-001,P-5560,21
2026-09-20,CH-175,PH-061,B2813,9
2026-09-20,CH-137,PH-027,B1773,10
2026-09-20,CH-268,PH-015,B1430,13
2026-09-20,CH-105,PH-001,P-5560,24
2026-09-20,CH-101,PH-037,B2070,3
2026-09-20,CH-174,PH-037,B2073,18
2026-09-20,CH-260,PH-065,B2938,24
2026-09-20,CH-032,PH-047,B2374,2
2026-09-20,CH-322,PH-010,B1281,4
2026-09-20,CH-132,PH-063,B2899,6
2026-09-20,CH-211,PH-053,B2568,8
2026-09-20,CH-146,PH-041,B2225,5
2026-09-21,CH-040,PH-070,B3103,8
2026-09-21,CH-343,PH-007,B1179,29
2026-09-21,CH-163,PH-007,B1197,13
2026-09-21,CH-245,PH-006,B1160,1
2026-09-21,CH-317,PH-071,B3118,5
2026-09-21,CH-174,PH-044,B2305,7
2026-09-21,CH-319,PH-032,B1904,3
2026-09-21,CH-133,PH-007,B1179,5
2026-09-21,CH-305,PH-036,B2042,18
2026-09-21,CH-202,PH-017,B1488,12
2026-09-21,CH-077,PH-018,B1530,21
2026-09-21,HS-20,PH-072,B3155,6
2026-09-21,CH-364,PH-044,B2310,2
2026-09-21,CH-221,PH-029,B1837,9
2026-09-21,CH-188,PH-053,B2576,6
2026-09-21,CH-215,PH-001,P-5560,33
2026-09-21,CH-022,PH-051,B2508,23
2026-09-21,CH-320,PH-001,P-5560,14
2026-09-21,CH-106,PH-026,B1757,8
2026-09-21,CH-339,PH-016,B1454,8
2026-09-21,HS-02,PH-026,B1750,10
2026-09-21,CH-087,PH-061,B2827,9
2026-09-21,CH-196,PH-046,B2360,6
2026-09-21,CH-155,PH-019,B1560,4
2026-09-21,CH-257,PH-030,B1857,2
2026-09-21,CH-046,PH-011,B1310,5
2026-09-21,CH-206,PH-074,B3184,7
2026-09-21,CH-038,PH-048,B2430,8
2026-09-21,CH-164,PH-066,B2975,5
2026-09-21,CH-377,PH-035,B2033,17
2026-09-21,CH-332,PH-049,B2466,3
2026-09-21,CH-131,PH-014,B1410,5
2026-09-21,CH-392,PH-057,B2683,2
2026-09-21,CH-319,PH-057,B2683,5
2026-09-21,CH-381,PH-010,B1277,6
2026-09-21,CH-222,PH-055,B2642,1
2026-09-21,CH-048,PH-054,B2622,3
2026-09-21,CH-165,PH-025,B1724,5
2026-09-21,CH-037,PH-069,B3069,7
2026-09-21,CH-166,PH-064,B2925,14
2026-09-21,CH-155,PH-004,B2219,13
2026-09-21,CH-018,PH-004,B2219,8
2026-09-21,CH-361,PH-013,IG-3302,13
2026-09-21,HS-18,PH-021,B1609,7
2026-09-21,CH-371,PH-056,B2658,1
2026-09-21,CH-017,PH-067,B2981,17
2026-09-21,CH-316,PH-003,B1092,4
2026-09-21,CH-389,PH-047,B2383,1
2026-09-21,CH-107,PH-043,VD-1201,6
2026-09-21,CH-218,PH-075,B3237,2
2026-09-21,CH-198,PH-075,B3227,6
2026-09-21,CH-398,PH-042,B2250,6
2026-09-21,CH-334,PH-027,B1781,9
2026-09-21,CH-138,PH-002,B1045,12
2026-09-21,CH-086,PH-043,VD-1201,14
2026-09-21,CH-225,PH-039,B2168,16
2026-09-21,CH-253,PH-068,B3025,4
2026-09-21,CH-077,PH-031,CS-7790,5
2026-09-21,CH-011,PH-069,B3039,6
2026-09-21,CH-277,PH-001,P-5560,12
2026-09-21,CH-048,PH-045,B2338,4
2026-09-21,CH-269,PH-008,B1227,1
2026-09-21,CH-057,PH-040,B2182,15
2026-09-21,CH-397,PH-012,B1366,7
2026-09-21,CH-123,PH-062,B2854,4
2026-09-21,CH-396,PH-023,B1676,7
2026-09-21,CH-243,PH-059,B2758,2
2026-09-21,CH-148,PH-041,B2204,3
2026-09-21,CH-303,PH-063,B2878,4
2026-09-21,CH-153,PH-024,B1699,6
2026-09-21,CH-207,PH-005,B1135,5
2026-09-21,CH-104,PH-073,B3160,9
2026-09-21,CH-309,PH-033,B1959,3
2026-09-21,CH-099,PH-065,B2948,24
2026-09-21,CH-104,PH-022,B1629,5
2026-09-21,CH-332,PH-034,B1997,8
2026-09-21,CH-305,PH-001,P-5560,12
2026-09-21,CH-019,PH-037,B2070,6
2026-09-21,CH-188,PH-052,B2547,37
2026-09-21,CH-076,PH-038,B2130,6
2026-09-21,CH-009,PH-037,B2073,8
2026-09-21,CH-018,PH-028,B1791,5
2026-09-21,CH-249,PH-015,B1430,17
2026-09-21,CH-264,PH-050,B2491,18
2026-09-21,CH-065,PH-009,B1255,4
2026-09-21,CH-158,PH-058,B2719,15
2026-09-22,CH-392,PH-061,B2813,1
2026-09-22,CH-236,PH-012,B1366,9
2026-09-22,CH-327,PH-065,B2957,21
2026-09-22,CH-231,PH-065,B2938,3
2026-09-22,CH-263,PH-026,B1750,26
2026-09-22,CH-170,PH-029,B1831,17
2026-09-22,CH-013,PH-036,B2042,13
2026-09-22,CH-299,PH-036,B2055,2
2026-09-22,CH-340,PH-025,B1716,9
2026-09-22,CH-094,PH-034,B1997,13
2026-09-22,CH-382,PH-061,B2813,12
2026-09-22,CH-125,PH-066,B2964,4
2026-09-22,CH-064,PH-071,B3112,7
2026-09-22,CH-090,PH-001,P-5560,21
2026-09-22,HS-05,PH-069,B3069,17
2026-09-22,CH-084,PH-013,IG-3302,21
2026-09-22,CH-280,PH-001,P-5560,5
2026-09-22,CH-145,PH-008,B1247,3
2026-09-22,CH-060,PH-062,B2854,12
2026-09-22,CH-059,PH-041,B2217,5
2026-09-22,CH-371,PH-024,B1695,4
2026-09-22,CH-104,PH-044,B2295,10
2026-09-22,CH-103,PH-044,B2310,8
2026-09-22,CH-200,PH-033,B1931,5
2026-09-22,CH-210,PH-015,B1423,8
2026-09-22,HS-01,PH-015,B1423,9
2026-09-22,CH-152,PH-009,B1255,7
2026-09-22,CH-327,PH-063,B2899,8
2026-09-22,CH-261,PH-011,B1310,3
2026-09-22,CH-204,PH-068,B3025,6
2026-09-22,CH-251,PH-035,B2006,10
2026-09-22,CH-023,PH-014,B1410,7
2026-09-22,CH-042,PH-001,P-5560,26
2026-09-22,CH-374,PH-010,B1281,10
2026-09-22,CH-028,PH-070,B3087,1
2026-09-22,CH-309,PH-064,B2925,21
2026-09-22,CH-196,PH-042,B2244,8
2026-09-22,CH-297,PH-043,VD-1201,1
2026-09-22,CH-024,PH-043,VD-1201,20
2026-09-22,CH-331,PH-016,B1454,14
2026-09-22,CH-052,PH-067,B2981,7
2026-09-22,CH-319,PH-067,B2981,6
2026-09-22,CH-203,PH-048,B2430,4
2026-09-22,CH-107,PH-007,B1179,5
2026-09-22,CH-034,PH-052,B2541,17
2026-09-22,CH-225,PH-054,B2622,1
2026-09-22,CH-350,PH-018,B1530,24
2026-09-22,CH-389,PH-049,B2457,5
2026-09-22,CH-388,PH-020,B1579,1
2026-09-22,CH-334,PH-072,B3155,5
2026-09-22,CH-293,PH-027,B1781,13
2026-09-22,CH-399,PH-030,B1847,2
2026-09-22,CH-087,PH-039,B2165,8
2026-09-22,CH-023,PH-051,B2523,13
2026-09-22,CH-187,PH-051,B2508,8
2026-09-22,CH-189,PH-050,B2475,11
2026-09-22,CH-202,PH-038,B2130,11
2026-09-22,CH-138,PH-060,B2794,1
2026-09-22,CH-191,PH-053,B2568,5
2026-09-22,CH-131,PH-046,B2367,2
2026-09-22,CH-264,PH-022,B1646,6
2026-09-22,CH-038,PH-003,B1092,6
2026-09-22,CH-057,PH-040,B2182,8
2026-09-22,CH-197,PH-040,B2182,11
2026-09-22,CH-060,PH-055,B2632,1
2026-09-22,CH-243,PH-004,B2219,9
2026-09-22,CH-300,PH-031,CS-7790,3
2026-09-22,CH-373,PH-037,B2070,10
2026-09-22,CH-300,PH-028,B1796,4
2026-09-22,CH-232,PH-004,B2219,9
2026-09-22,CH-013,PH-058,B2719,9
2026-09-22,CH-068,PH-001,P-5560,8
2026-09-22,CH-070,PH-017,B1488,12
2026-09-22,CH-269,PH-019,B1552,1
2026-09-22,CH-064,PH-074,B3184,12
2026-09-22,CH-040,PH-073,B3177,14
2026-09-22,CH-128,PH-005,B1140,4
2026-09-22,CH-094,PH-021,B1622,2
2026-09-22,CH-097,PH-059,B2773,4
2026-09-22,CH-121,PH-023,B1690,4
2026-09-22,CH-080,PH-056,B2680,2
2026-09-22,CH-129,PH-047,B2386,1
2026-09-22,CH-314,PH-002,B1045,9
2026-09-22,CH-203,PH-057,B2700,6
2026-09-22,CH-039,PH-007,B1197,18
2026-09-22,CH-119,PH-001,P-5560,14
2026-09-22,CH-386,PH-007,B1179,19
2026-09-22,CH-191,PH-052,B2541,9
2026-09-22,CH-370,PH-032,B1922,4
2026-09-22,CH-081,PH-075,B3212,10
2026-09-23,CH-278,PH-064,B2907,11
2026-09-23,CH-010,PH-042,B2250,9
2026-09-23,CH-369,PH-073,B3165,14
2026-09-23,CH-399,PH-001,P-5560,20
2026-09-23,CH-292,PH-074,B3206,12
2026-09-23,CH-245,PH-024,B1695,5
2026-09-23,CH-043,PH-054,B2593,4
2026-09-23,CH-285,PH-005,B1140,4
2026-09-23,CH-367,PH-021,B1609,4
2026-09-23,CH-385,PH-041,B2204,4
2026-09-23,CH-167,PH-048,B2414,9
2026-09-23,CH-155,PH-025,B1724,9
2026-09-23,CH-197,PH-065,B2948,22
2026-09-23,CH-308,PH-062,B2874,11
2026-09-23,CH-257,PH-012,B1366,8
2026-09-23,CH-346,PH-023,B1690,14
2026-09-23,CH-297,PH-013,IG-3302,22
2026-09-23,CH-026,PH-001,P-5560,34
2026-09-23,CH-025,PH-046,B2352,4
2026-09-23,CH-031,PH-008,B1227,2
2026-09-23,CH-095,PH-029,B1826,10
2026-09-23,CH-098,PH-047,B2374,1
2026-09-23,CH-399,PH-019,B1540,2
2026-09-23,CH-367,PH-050,B2491,12
2026-09-23,CH-339,PH-061,B2813,9
2026-09-23,CH-335,PH-061,B2827,2
2026-09-23,CH-219,PH-031,CS-7790,6
2026-09-23,CH-343,PH-001,P-5560,6
2026-09-23,CH-289,PH-004,B2219,11
2026-09-23,CH-315,PH-004,B2219,12
2026-09-23,CH-339,PH-011,B1310,3
2026-09-23,CH-278,PH-001,P-5560,13
2026-09-23,CH-308,PH-063,B2899,4
2026-09-23,CH-007,PH-075,B3227,1
2026-09-23,CH-195,PH-033,B1931,6
2026-09-23,CH-160,PH-052,B2547,21
2026-09-23,CH-194,PH-037,B2073,12
2026-09-23,CH-155,PH-009,B1273,2
2026-09-23,CH-231,PH-028,B1791,6
2026-09-23,CH-317,PH-043,VD-1201,12
2026-09-23,CH-071,PH-058,B2719,16
2026-09-23,CH-267,PH-037,B2070,5
2026-09-23,CH-132,PH-015,B1443,11
2026-09-23,CH-330,PH-068,B3028,3
2026-09-23,CH-057,PH-026,B1750,18
2026-09-23,CH-376,PH-043,VD-1201,8
2026-09-23,CH-208,PH-075,B3227,7
2026-09-23,CH-282,PH-071,B3118,2
2026-09-23,CH-073,PH-003,B1064,7
2026-09-23,CH-333,PH-035,B2006,16
2026-09-23,CH-329,PH-020,B1570,1
2026-09-23,CH-345,PH-040,B2177,17
2026-09-23,CH-118,PH-056,B2665,1
2026-09-23,CH-010,PH-010,B1300,8
2026-09-23,CH-290,PH-039,B2158,21
2026-09-23,CH-126,PH-053,B2568,7
2026-09-23,CH-364,PH-067,B3007,4
2026-09-23,CH-166,PH-022,B1656,9
2026-09-23,CH-331,PH-067,B2981,10
2026-09-23,CH-196,PH-044,B2305,25
2026-09-23,CH-073,PH-051,B2508,11
2026-09-23,CH-004,PH-007,B1197,13
2026-09-23,CH-009,PH-060,B2794,5
2026-09-23,CH-243,PH-038,B2114,6
2026-09-23,CH-004,PH-007,B1197,18
2026-09-23,CH-014,PH-070,B3095,6
2026-09-23,CH-293,PH-034,B1997,14
2026-09-23,CH-154,PH-002,B1052,6
2026-09-23,CH-179,PH-017,B1481,10
2026-09-23,CH-382,PH-016,B1454,5
2026-09-23,CH-115,PH-036,B2055,17
2026-09-23,CH-355,PH-072,B3150,3
2026-09-23,CH-339,PH-007,B1179,2
2026-09-23,CH-303,PH-066,B2964,3
2026-09-23,HS-06,PH-069,B3058,11
2026-09-23,CH-373,PH-030,B1847,1
2026-09-23,CH-308,PH-027,B1781,15
2026-09-23,CH-001,PH-049,B2457,4
2026-09-23,CH-244,PH-057,B2700,4
2026-09-23,CH-126,PH-018,B1527,9
2026-09-23,CH-090,PH-018,B1533,4
2026-09-23,CH-160,PH-059,B2761,2
2026-09-23,CH-145,PH-014,B1410,3
2026-09-23,CH-080,PH-069,B3069,1
2026-09-24,CH-345,PH-001,P-5560,7
2026-09-24,CH-296,PH-002,B1052,10
2026-09-24,HS-05,PH-057,B2700,6
2026-09-24,CH-107,PH-047,B2374,3
2026-09-24,CH-140,PH-001,P-5560,17
2026-09-24,CH-330,PH-063,B2899,6
2026-09-24,CH-381,PH-013,IG-3302,13
2026-09-24,CH-100,PH-048,B2399,3
2026-09-24,CH-223,PH-035,B2033,11
2026-09-24,CH-074,PH-046,B2360,4
2026-09-24,CH-141,PH-064,B2918,13
2026-09-24,CH-124,PH-027,B1781,10
2026-09-24,CH-034,PH-043,VD-1201,20
2026-09-24,CH-037,PH-054,B2622,4
2026-09-24,CH-397,PH-001,P-5560,13
2026-09-24,CH-193,PH-001,P-5560,33
2026-09-24,CH-113,PH-067,B2981,2
2026-09-24,CH-281,PH-050,B2501,11
2026-09-24,CH-319,PH-067,B2981,22
2026-09-24,CH-206,PH-042,B2234,6
2026-09-24,CH-389,PH-056,B2665,1
2026-09-24,HS-10,PH-074,B3203,9
2026-09-24,HS-17,PH-010,B1300,6
2026-09-24,CH-315,PH-037,B2070,1
2026-09-24,CH-189,PH-068,B3015,3
2026-09-24,CH-339,PH-021,B1595,2
2026-09-24,CH-109,PH-037,B2070,5
2026-09-24,CH-076,PH-037,B2073,16
2026-09-24,CH-195,PH-019,B1540,4
2026-09-24,CH-084,PH-014,B1410,4
2026-09-24,CH-086,PH-049,B2442,6
2026-09-24,CH-210,PH-031,CS-7731,4
2026-09-24,CH-015,PH-040,B2177,10
2026-09-24,CH-167,PH-071,B3118,4
2026-09-24,CH-229,PH-007,B1197,3
2026-09-24,HS-19,PH-007,B1197,10
2026-09-24,CH-157,PH-045,B2338,1
2026-09-24,CH-269,PH-007,B1197,26
2026-09-24,CH-379,PH-007,B1179,8
2026-09-24,CH-273,PH-022,B1646,5
2026-09-24,CH-091,PH-003,B1083,5
2026-09-24,CH-072,PH-066,B2975,4
2026-09-24,CH-034,PH-069,B3039,14
2026-09-24,CH-398,PH-018,B1533,24
2026-09-24,CH-395,PH-072,B3155,8
2026-09-24,CH-120,PH-044,B2305,13
2026-09-24,CH-377,PH-059,B2773,2
2026-09-24,CH-377,PH-039,B2168,15
2026-09-24,CH-379,PH-053,B2568,7
2026-09-24,CH-081,PH-051,B2508,15
2026-09-24,CH-044,PH-038,B2149,8
2026-09-24,CH-388,PH-038,B2130,7
2026-09-24,CH-228,PH-070,B3087,3
2026-09-24,CH-161,PH-036,B2055,17
2026-09-24,CH-310,PH-017,B1481,9
2026-09-24,CH-141,PH-016,B1462,4
2026-09-24,CH-147,PH-008,B1221,4
2026-09-24,CH-393,PH-030,B1854,3
2026-09-24,CH-369,PH-028,B1796,7
2026-09-24,CH-129,PH-011,B1331,7
2026-09-24,CH-171,PH-061,B2841,16
2026-09-24,CH-211,PH-009,B1255,9
2026-09-24,HS-16,PH-058,B2719,6
2026-09-24,CH-215,PH-004,B2219,11
2026-09-24,CH-330,PH-052,B2561,24
2026-09-24,CH-155,PH-004,B2219,7
2026-09-24,CH-314,PH-026,B1750,26
2026-09-24,CH-113,PH-015,B1423,15
2026-09-24,CH-172,PH-052,B2561,3
2026-09-24,CH-131,PH-032,B1922,1
2026-09-24,CH-195,PH-012,B1334,5
2026-09-24,CH-075,PH-034,B1981,6
2026-09-24,CH-253,PH-073,B3165,19
2026-09-24,CH-322,PH-023,B1676,3
2026-09-24,CH-186,PH-062,B2874,5
2026-09-24,CH-305,PH-005,B1135,6
2026-09-24,CH-041,PH-041,B2217,7
2026-09-24,CH-074,PH-033,B1948,6
2026-09-24,CH-207,PH-025,B1710,6
2026-09-24,CH-384,PH-024,B1703,8
2026-09-24,CH-159,PH-075,B3237,7
2026-09-24,CH-099,PH-065,B2948,21
2026-09-24,CH-297,PH-029,B1831,9
2026-09-25,CH-090,PH-067,B3007,20
2026-09-25,CH-313,PH-034,B1981,5
2026-09-25,CH-068,PH-022,B1656,8
2026-09-25,CH-082,PH-052,B2561,12
2026-09-25,CH-194,PH-034,B1981,6
2026-09-25,CH-014,PH-012,B1355,12
2026-09-25,CH-103,PH-066,B2975,6
2026-09-25,CH-315,PH-056,B2658,1
2026-09-25,CH-113,PH-011,B1310,7
2026-09-25,CH-167,PH-021,B1609,2
2026-09-25,CH-204,PH-004,B2219,14
2026-09-25,CH-156,PH-001,P-5560,19
2026-09-25,CH-292,PH-001,P-5560,27
2026-09-25,CH-342,PH-004,B2219,12
2026-09-25,CH-385,PH-054,B2593,4
2026-09-25,CH-266,PH-025,B1716,9
2026-09-25,CH-332,PH-038,B2149,14
2026-09-25,CH-179,PH-030,B1847,4
2026-09-25,CH-345,PH-013,IG-3302,6
2026-09-25,CH-013,PH-042,B2234,6
2026-09-25,CH-114,PH-001,P-5560,7
2026-09-25,CH-292,PH-052,B2561,14
2026-09-25,CH-381,PH-027,B1764,7
2026-09-25,CH-192,PH-052,B2547,9
2026-09-25,CH-040,PH-049,B2466,2
2026-09-25,CH-346,PH-039,B2168,15
2026-09-25,CH-217,PH-013,IG-3302,11
2026-09-25,CH-091,PH-065,B2948,32
2026-09-25,CH-385,PH-037,B2070,15
2026-09-25,CH-092,PH-075,B3237,6
2026-09-25,CH-268,PH-072,B3150,7
2026-09-25,CH-351,PH-018,B1527,5
2026-09-25,CH-329,PH-069,B3039,9
2026-09-25,CH-118,PH-018,B1530,13
2026-09-25,CH-377,PH-023,B1690,6
2026-09-25,CH-235,PH-040,B2195,23
2026-09-25,CH-305,PH-006,B1160,1
2026-09-25,CH-017,PH-045,B2318,1
2026-09-25,CH-203,PH-028,B1810,7
2026-09-25,CH-317,PH-005,B1140,1
2026-09-25,CH-300,PH-062,B2864,3
2026-09-25,CH-239,PH-024,B1699,3
2026-09-25,HS-11,PH-073,B3177,9
2026-09-25,CH-325,PH-073,B3177,9
2026-09-25,CH-245,PH-008,B1221,2
2026-09-25,CH-263,PH-059,B2761,2
2026-09-25,CH-240,PH-044,B2310,17
2026-09-25,CH-147,PH-051,B2508,14
2026-09-25,CH-213,PH-026,B1757,5
2026-09-25,CH-191,PH-026,B1737,17
2026-09-25,CH-230,PH-061,B2827,10
2026-09-25,CH-356,PH-029,B1826,14
2026-09-25,CH-344,PH-032,B1922,3
2026-09-25,CH-212,PH-007,B1207,15
2026-09-25,CH-041,PH-007,B1197,22
2026-09-25,CH-039,PH-036,B2045,7
2026-09-25,CH-133,PH-036,B2042,12
2026-09-25,CH-016,PH-071,B3112,2
2026-09-25,CH-259,PH-016,B1474,8
2026-09-25,CH-339,PH-017,B1481,7
2026-09-25,CH-015,PH-070,B3087,3
2026-09-25,CH-297,PH-060,B2794,1
2026-09-25,CH-162,PH-051,B2508,7
2026-09-25,CH-185,PH-073,B3160,5
2026-09-25,CH-333,PH-015,B1423,13
2026-09-25,CH-197,PH-024,B1699,5
2026-09-25,CH-255,PH-035,B2033,15
2026-09-25,CH-312,PH-047,B2374,1
2026-09-25,CH-107,PH-058,B2719,12
2026-09-25,CH-118,PH-014,B1405,2
2026-09-25,CH-168,PH-057,B2693,8
2026-09-25,CH-045,PH-019,B1560,1
2026-09-25,CH-111,PH-048,B2414,5
2026-09-25,CH-167,PH-020,B1579,1
2026-09-25,CH-306,PH-010,B1277,9
2026-09-25,CH-254,PH-074,B3206,7
2026-09-25,CH-284,PH-068,B3028,7
2026-09-25,CH-223,PH-002,B1052,9
2026-09-25,CH-157,PH-063,B2899,12
2026-09-25,CH-102,PH-003,B1064,5
2026-09-25,CH-376,PH-064,B2918,14
2026-09-25,HS-09,PH-046,B2367,3
2026-09-25,CH-216,PH-033,B1931,2
2026-09-25,CH-315,PH-009,B1255,10
2026-09-25,CH-135,PH-033,B1948,5
2026-09-25,CH-351,PH-043,VD-1201,20
2026-09-25,CH-080,PH-031,CS-7790,5
2026-09-25,CH-040,PH-043,VD-1201,5
2026-09-25,CH-386,PH-050,B2475,11
2026-09-26,CH-339,PH-016,B1454,7
2026-09-26,CH-110,PH-057,B2683,7
2026-09-26,HS-16,PH-056,B2658,1
2026-09-26,CH-305,PH-060,B2782,3
2026-09-26,CH-398,PH-044,B2310,18
2026-09-26,CH-319,PH-017,B1481,10
2026-09-26,CH-285,PH-029,B1831,16
2026-09-26,CH-168,PH-064,B2918,18
2026-09-26,CH-159,PH-020,B1587,2
2026-09-26,CH-081,PH-043,VD-1201,26
2026-09-26,CH-364,PH-034,B1997,16
2026-09-26,CH-321,PH-013,IG-3302,7
2026-09-26,CH-248,PH-022,B1656,12
2026-09-26,HS-13,PH-061,B2841,6
2026-09-26,CH-178,PH-053,B2585,9
2026-09-26,CH-362,PH-058,B2740,6
2026-09-26,CH-021,PH-047,B2386,1
2026-09-26,CH-140,PH-031,CS-7790,12
2026-09-26,CH-216,PH-015,B1423,10
2026-09-26,CH-121,PH-015,B1443,2
2026-09-26,CH-047,PH-021,B1595,5
2026-09-26,CH-366,PH-021,B1622,2
2026-09-26,CH-338,PH-024,B1703,3
2026-09-26,CH-171,PH-054,B2622,4
2026-09-26,CH-330,PH-030,B1857,7
2026-09-26,CH-255,PH-033,B1959,4
2026-09-26,CH-218,PH-046,B2367,3
2026-09-26,CH-234,PH-062,B2864,10
2026-09-26,CH-320,PH-065,B2938,8
2026-09-26,CH-319,PH-055,B2632,1
2026-09-26,CH-180,PH-063,B2899,7
2026-09-26,CH-394,PH-065,B2938,9
2026-09-26,CH-045,PH-065,B2957,8
2026-09-26,CH-278,PH-052,B2541,4
2026-09-26,CH-096,PH-052,B2541,10
2026-09-26,CH-237,PH-052,B2541,12
2026-09-26,CH-270,PH-014,B1405,4
2026-09-26,CH-290,PH-023,B1671,8
2026-09-26,CH-282,PH-018,B1530,12
2026-09-26,CH-044,PH-019,B1560,2
2026-09-26,CH-193,PH-045,B2324,2
2026-09-26,CH-211,PH-013,IG-3302,12
2026-09-26,CH-391,PH-059,B2773,5
2026-09-26,CH-315,PH-032,B1904,2
2026-09-26,CH-135,PH-066,B2967,2
2026-09-26,CH-090,PH-070,B3103,3
2026-09-26,CH-283,PH-004,B2219,14
2026-09-26,CH-320,PH-035,B2006,11
2026-09-26,CH-057,PH-006,B1168,1
2026-09-26,CH-342,PH-026,B1737,19
2026-09-26,CH-032,PH-048,B2399,9
2026-09-26,CH-316,PH-010,B1300,10
2026-09-26,CH-027,PH-025,B1724,15
2026-09-26,CH-002,PH-041,B2204,8
2026-09-26,HS-17,PH-073,B3177,18
2026-09-26,CH-034,PH-027,B1764,10
2026-09-26,CH-305,PH-050,B2475,12
2026-09-26,CH-029,PH-028,B1810,6
2026-09-26,CH-004,PH-051,B2519,14
2026-09-26,CH-140,PH-042,B2244,3
2026-09-26,CH-286,PH-005,B1144,6
2026-09-26,CH-328,PH-075,B3237,5
2026-09-26,CH-295,PH-040,B2177,13
2026-09-26,CH-004,PH-036,B2045,9
2026-09-26,CH-335,PH-036,B2045,7
2026-09-26,CH-377,PH-002,B1052,7
2026-09-26,CH-054,PH-011,B1331,4
2026-09-26,CH-044,PH-069,B3069,12
2026-09-26,CH-054,PH-009,B1273,9
2026-09-26,CH-392,PH-008,B1221,1
2026-09-26,CH-159,PH-074,B3206,9
2026-09-26,CH-245,PH-012,B1334,12
2026-09-26,CH-064,PH-039,B2158,2
2026-09-26,HS-15,PH-067,B2997,19
2026-09-26,HS-07,PH-036,B2045,6
2026-09-26,CH-247,PH-038,B2130,10
2026-09-26,CH-113,PH-001,P-5560,29
2026-09-26,CH-287,PH-049,B2457,4
2026-09-26,CH-184,PH-003,B1092,3
2026-09-26,CH-186,PH-001,P-5560,22
2026-09-26,CH-272,PH-071,B3112,5
2026-09-26,CH-009,PH-037,B2073,1
2026-09-26,CH-371,PH-037,B2070,11
2026-09-26,CH-227,PH-051,B2519,7
2026-09-26,CH-222,PH-007,B1197,31
2026-09-26,CH-125,PH-072,B3141,4
2026-09-26,CH-284,PH-039,B2168,10
2026-09-26,CH-117,PH-004,B2219,11
2026-09-26,CH-206,PH-068,B3015,4
2026-09-27,CH-205,PH-069,B3039,10
2026-09-27,CH-302,PH-018,B1533,14
2026-09-27,CH-391,PH-018,B1533,5
2026-09-27,HS-10,PH-056,B2665,2
2026-09-27,CH-268,PH-043,VD-1201,6
2026-09-27,CH-133,PH-051,B2508,19
2026-09-27,CH-160,PH-075,B3227,8
2026-09-27,CH-213,PH-023,B1690,3
2026-09-27,CH-280,PH-043,VD-1201,12
2026-09-27,CH-046,PH-008,B1221,1
2026-09-27,CH-235,PH-049,B2466,3
2026-09-27,CH-127,PH-046,B2367,4
2026-09-27,CH-116,PH-041,B2225,8
2026-09-27,CH-003,PH-007,B1179,4
2026-09-27,CH-369,PH-062,B2864,6
2026-09-27,CH-048,PH-063,B2899,10
2026-09-27,CH-046,PH-068,B3015,5
2026-09-27,CH-054,PH-019,B1560,2
2026-09-27,CH-059,PH-074,B3203,5
2026-09-27,CH-302,PH-074,B3206,5
2026-09-27,CH-371,PH-003,B1064,8
2026-09-27,CH-189,PH-033,B1931,4
2026-09-27,CH-328,PH-057,B2700,6
2026-09-27,CH-262,PH-037,B2070,8
2026-09-27,CH-385,PH-037,B2070,12
2026-09-27,CH-390,PH-009,B1255,10
2026-09-27,CH-328,PH-058,B2740,11
2026-09-27,CH-340,PH-062,B2864,5
2026-09-27,CH-029,PH-015,B1443,17
2026-09-27,CH-117,PH-035,B2018,7
2026-09-27,CH-274,PH-031,CS-7790,3
2026-09-27,CH-172,PH-048,B2430,6
2026-09-27,CH-117,PH-024,B1699,2
2026-09-27,CH-177,PH-020,B1587,3
2026-09-27,CH-029,PH-073,B3177,1
2026-09-27,CH-223,PH-073,B3177,11
2026-09-27,CH-376,PH-010,B1281,9
2026-09-27,CH-048,PH-005,B1144,2
2026-09-27,CH-062,PH-040,B2182,22
2026-09-27,CH-064,PH-002,B1042,12
2026-09-27,CH-084,PH-064,B2925,16
2026-09-27,CH-026,PH-014,B1405,9
2026-09-27,CH-300,PH-050,B2491,13
2026-09-27,CH-273,PH-070,B3095,3
2026-09-27,CH-367,PH-061,B2827,5
2026-09-27,CH-055,PH-004,B2219,8
2026-09-27,CH-129,PH-004,B2219,11
2026-09-27,CH-159,PH-038,B2149,4
2026-09-27,CH-227,PH-038,B2130,11
2026-09-27,CH-273,PH-011,B1314,12
2026-09-27,CH-312,PH-001,P-5560,39
2026-09-27,CH-068,PH-053,B2585,6
2026-09-27,CH-204,PH-054,B2605,6
2026-09-27,CH-257,PH-032,B1922,2
2026-09-27,CH-062,PH-066,B2967,7
2026-09-27,CH-091,PH-029,B1831,17
2026-09-27,CH-001,PH-026,B1750,21
2026-09-27,CH-147,PH-044,B2295,5
2026-09-27,CH-353,PH-025,B1710,2
2026-09-27,CH-035,PH-061,B2813,7
2026-09-27,CH-139,PH-027,B1773,12
2026-09-27,HS-02,PH-025,B1716,13
2026-09-27,HS-10,PH-001,P-5560,23
2026-09-27,CH-190,PH-039,B2158,16
2026-09-27,CH-175,PH-028,B1791,8
2026-09-27,HS-19,PH-036,B2045,6
2026-09-27,CH-336,PH-036,B2042,12
2026-09-27,CH-097,PH-001,P-5560,2
2026-09-27,CH-224,PH-071,B3118,5
2026-09-27,CH-024,PH-022,B1646,2
2026-09-27,CH-362,PH-017,B1499,13
2026-09-27,CH-016,PH-072,B3141,7
2026-09-27,CH-283,PH-067,B3007,25
2026-09-27,CH-007,PH-016,B1462,14
2026-09-27,CH-359,PH-030,B1857,5
2026-09-27,CH-033,PH-012,B1366,10
2026-09-27,CH-105,PH-052,B2547,4
2026-09-27,CH-016,PH-042,B2234,4
2026-09-27,CH-029,PH-052,B2561,6
2026-09-27,CH-178,PH-052,B2561,13
2026-09-27,CH-369,PH-021,B1609,7
2026-09-27,CH-105,PH-007,B1197,36
2026-09-27,CH-278,PH-006,B1160,1
2026-09-27,CH-006,PH-059,B2773,5
2026-09-27,CH-395,PH-060,B2806,3
2026-09-27,CH-396,PH-044,B2305,9
2026-09-27,HS-01,PH-013,IG-3302,16
2026-09-27,CH-217,PH-034,B1997,21
2026-09-27,CH-114,PH-065,B2938,19
2026-09-28,CH-179,PH-068,B3015,3
2026-09-28,CH-299,PH-058,B2740,11
2026-09-28,CH-391,PH-033,B1959,10
2026-09-28,CH-228,PH-007,B1179,23
2026-09-28,CH-112,PH-009,B1255,14
2026-09-28,CH-035,PH-003,B1064,3
2026-09-28,CH-373,PH-032,B1904,2
2026-09-28,CH-191,PH-007,B1179,18
2026-09-28,CH-107,PH-017,B1481,14
2026-09-28,CH-075,PH-044,B2305,10
2026-09-28,CH-163,PH-015,B1430,13
2026-09-28,CH-201,PH-063,B2899,6
2026-09-28,CH-099,PH-073,B3165,9
2026-09-28,CH-062,PH-070,B3095,1
2026-09-28,CH-190,PH-072,B3141,4
2026-09-28,CH-077,PH-018,B1530,17
2026-09-28,CH-212,PH-016,B1474,2
2026-09-28,CH-290,PH-069,B3039,9
2026-09-28,CH-362,PH-023,B1690,9
2026-09-28,CH-024,PH-008,B1227,1
2026-09-28,CH-387,PH-059,B2761,3
2026-09-28,HS-04,PH-051,B2523,17
2026-09-28,CH-232,PH-036,B2042,20
2026-09-28,CH-208,PH-062,B2864,5
2026-09-28,CH-047,PH-040,B2177,15
2026-09-28,CH-135,PH-053,B2576,7
2026-09-28,CH-338,PH-041,B2225,4
2026-09-28,CH-168,PH-005,B1140,3
2026-09-28,CH-283,PH-006,B1171,1
2026-09-28,CH-320,PH-029,B1826,13
2026-09-28,CH-229,PH-061,B2827,11
2026-09-28,CH-112,PH-031,CS-7731,3
2026-09-28,HS-09,PH-028,B1810,5
2026-09-28,CH-129,PH-024,B1703,6
2026-09-28,CH-221,PH-026,B1757,17
2026-09-28,CH-350,PH-073,B3165,7
2026-09-28,CH-012,PH-060,B2782,1
2026-09-28,CH-352,PH-071,B3112,5
2026-09-28,HS-01,PH-019,B1540,2
2026-09-28,CH-263,PH-004,B2219,12
2026-09-28,CH-087,PH-037,B2073,15
2026-09-28,CH-033,PH-010,B1300,9
2026-09-28,CH-179,PH-064,B2907,8
2026-09-28,CH-058,PH-049,B2442,2
2026-09-28,CH-348,PH-065,B2938,16
2026-09-28,CH-137,PH-052,B2547,28
2026-09-28,CH-349,PH-025,B1710,6
2026-09-28,CH-386,PH-014,B1399,5
2026-09-28,CH-206,PH-002,B1042,8
2026-09-28,CH-368,PH-037,B2070,6
2026-09-28,CH-044,PH-021,B1622,3
2026-09-28,CH-093,PH-035,B2033,17
2026-09-28,CH-363,PH-056,B2658,4
2026-09-28,CH-400,PH-013,IG-3302,12
2026-09-28,HS-09,PH-048,B2430,5
2026-09-28,CH-331,PH-001,P-5560,16
2026-09-28,CH-334,PH-042,B2250,7
2026-09-28,CH-086,PH-011,B1310,7
2026-09-28,CH-195,PH-020,B1570,1
2026-09-28,CH-310,PH-050,B2475,12
2026-09-28,CH-277,PH-004,B2219,5
2026-09-28,CH-356,PH-030,B1847,3
2026-09-28,CH-065,PH-001,P-5560,18
2026-09-28,CH-045,PH-046,B2367,2
2026-09-28,CH-124,PH-034,B1997,7
2026-09-28,CH-275,PH-001,P-5560,14
2026-09-28,CH-083,PH-067,B3007,21
2026-09-28,CH-047,PH-001,P-5560,28
2026-09-28,CH-347,PH-038,B2130,10
2026-09-28,CH-123,PH-066,B2964,6
2026-09-28,CH-099,PH-027,B1773,9
2026-09-28,CH-250,PH-043,VD-1201,21
2026-09-28,CH-294,PH-075,B3227,5
2026-09-28,CH-318,PH-039,B2158,19
2026-09-28,CH-382,PH-057,B2683,6
2026-09-28,CH-273,PH-022,B1646,9
2026-09-28,CH-377,PH-074,B3206,6
2026-09-28,CH-157,PH-012,B1366,3
2026-09-28,CH-340,PH-047,B2383,2
2026-09-29,CH-169,PH-019,B1552,1
2026-09-29,CH-128,PH-059,B2761,4
2026-09-29,CH-022,PH-042,B2234,5
2026-09-29,CH-101,PH-021,B1595,7
2026-09-29,CH-311,PH-013,IG-3302,14
2026-09-29,CH-213,PH-027,B1781,5
2026-09-29,CH-186,PH-016,B1474,11
2026-09-29,CH-333,PH-052,B2541,17
2026-09-29,CH-008,PH-070,B3087,4
2026-09-29,CH-033,PH-072,B3155,2
2026-09-29,CH-065,PH-067,B2981,19
2026-09-29,CH-074,PH-018,B1530,16
2026-09-29,HS-01,PH-042,B2234,1
2026-09-29,CH-361,PH-063,B2891,6
2026-09-29,CH-241,PH-036,B2042,12
2026-09-29,CH-219,PH-012,B1366,5
2026-09-29,CH-163,PH-034,B1981,10
2026-09-29,CH-199,PH-017,B1488,16
2026-09-29,CH-048,PH-038,B2149,15
2026-09-29,CH-319,PH-017,B1481,2
2026-09-29,CH-014,PH-007,B1197,5
2026-09-29,CH-116,PH-007,B1207,23
2026-09-29,CH-165,PH-066,B2975,10
2026-09-29,CH-174,PH-044,B2305,13
2026-09-29,CH-365,PH-039,B2165,14
2026-09-29,CH-254,PH-039,B2168,1
2026-09-29,CH-137,PH-044,B2305,1
2026-09-29,CH-002,PH-022,B1629,3
2026-09-29,CH-105,PH-060,B2794,2
2026-09-29,CH-214,PH-026,B1737,21
2026-09-29,CH-027,PH-030,B1857,5
2026-09-29,CH-246,PH-065,B2957,21
2026-09-29,CH-373,PH-004,B2219,10
2026-09-29,CH-028,PH-004,B2219,7
2026-09-29,CH-013,PH-061,B2813,11
2026-09-29,CH-240,PH-025,B1724,9
2026-09-29,CH-087,PH-006,B1168,2
2026-09-29,CH-169,PH-029,B1831,8
2026-09-29,CH-183,PH-054,B2593,8
2026-09-29,CH-246,PH-011,B1331,7
2026-09-29,CH-081,PH-053,B2568,10
2026-09-29,CH-250,PH-028,B1791,9
2026-09-29,CH-130,PH-023,B1690,5
2026-09-29,CH-161,PH-071,B3134,4
2026-09-29,CH-021,PH-043,VD-1201,26
2026-09-29,CH-165,PH-041,B2225,6
2026-09-29,CH-190,PH-001,P-5560,9
2026-09-29,CH-057,PH-005,B1140,6
2026-09-29,CH-326,PH-001,P-5560,9
2026-09-29,CH-014,PH-010,B1281,6
2026-09-29,CH-287,PH-033,B1948,6
2026-09-29,CH-032,PH-057,B2683,10
2026-09-29,CH-250,PH-031,CS-7731,2
2026-09-29,CH-147,PH-050,B2475,12
2026-09-29,CH-080,PH-024,B1703,6
2026-09-29,CH-143,PH-041,B2204,6
2026-09-29,CH-269,PH-003,B1083,8
2026-09-29,CH-181,PH-069,B3069,6
2026-09-29,CH-200,PH-073,B3160,22
2026-09-29,HS-15,PH-058,B2726,7
2026-09-29,CH-353,PH-015,B1423,15
2026-09-29,CH-159,PH-014,B1410,1
2026-09-29,CH-125,PH-037,B2070,8
2026-09-29,CH-174,PH-009,B1269,3
2026-09-29,CH-021,PH-068,B3028,4
2026-09-29,CH-060,PH-037,B2070,10
2026-09-29,CH-054,PH-001,P-5560,12
2026-09-29,CH-183,PH-048,B2399,9
2026-09-29,CH-300,PH-002,B1045,3
2026-09-29,CH-082,PH-035,B2033,13
2026-09-29,CH-291,PH-002,B1042,5
2026-09-29,CH-091,PH-056,B2665,4
2026-09-29,CH-215,PH-074,B3203,5
2026-09-29,HS-04,PH-052,B2561,12
2026-09-29,CH-177,PH-052,B2561,8
2026-09-29,CH-043,PH-045,B2318,3
2026-09-29,CH-233,PH-001,P-5560,6
2026-09-29,CH-208,PH-075,B3227,5
2026-09-29,HS-16,PH-001,P-5560,5
2026-09-29,CH-327,PH-001,P-5560,12
2026-09-29,CH-317,PH-047,B2383,2
2026-09-29,CH-160,PH-074,B3203,1
2026-09-29,HS-06,PH-046,B2360,5
2026-09-29,CH-183,PH-008,B1221,3
2026-09-29,CH-223,PH-064,B2925,7
2026-09-29,CH-177,PH-051,B2523,19
2026-09-29,CH-291,PH-049,B2442,9
2026-09-29,CH-200,PH-040,B2177,15
2026-09-29,CH-072,PH-064,B2925,2
2026-09-29,CH-082,PH-001,P-5560,21
2026-09-29,CH-254,PH-062,B2874,5
2026-09-30,CH-322,PH-038,B2130,15
2026-09-30,CH-063,PH-004,B2219,14
2026-09-30,CH-245,PH-071,B3112,1
2026-09-30,CH-253,PH-060,B2794,3
2026-09-30,CH-042,PH-050,B2501,9
2026-09-30,CH-294,PH-057,B2693,4
2026-09-30,CH-394,PH-073,B3160,3
2026-09-30,CH-296,PH-003,B1092,2
2026-09-30,HS-10,PH-017,B1488,10
2026-09-30,CH-361,PH-057,B2693,5
2026-09-30,CH-340,PH-074,B3203,7
2026-09-30,CH-322,PH-044,B2305,17
2026-09-30,HS-04,PH-049,B2466,2
2026-09-30,CH-156,PH-037,B2073,4
2026-09-30,CH-141,PH-073,B3165,14
2026-09-30,CH-093,PH-023,B1690,4
2026-09-30,CH-041,PH-018,B1530,2
2026-09-30,CH-201,PH-018,B1533,14
2026-09-30,HS-04,PH-075,B3237,1
2026-09-30,CH-353,PH-056,B2658,4
2026-09-30,CH-061,PH-040,B2177,8
2026-09-30,CH-029,PH-046,B2367,7
2026-09-30,CH-024,PH-027,B1773,10
2026-09-30,CH-056,PH-072,B3141,7
2026-09-30,CH-047,PH-039,B2158,7
2026-09-30,CH-192,PH-040,B2182,10
2026-09-30,CH-198,PH-028,B1796,5
2026-09-30,CH-308,PH-005,B1144,7
2026-09-30,HS-15,PH-021,B1609,6
2026-09-30,CH-244,PH-020,B1587,4
2026-09-30,CH-245,PH-059,B2758,3
2026-09-30,CH-378,PH-053,B2585,6
2026-09-30,CH-367,PH-031,CS-7790,5
2026-09-30,CH-213,PH-054,B2622,4
2026-09-30,CH-107,PH-006,B1160,1
2026-09-30,CH-199,PH-058,B2726,6
2026-09-30,CH-120,PH-037,B2073,26
2026-09-30,CH-124,PH-004,B2219,11
2026-09-30,HS-15,PH-030,B1854,3
2026-09-30,CH-193,PH-002,B1045,6
2026-09-30,CH-371,PH-023,B1671,5
2026-09-30,HS-16,PH-022,B1629,7
2026-09-30,CH-298,PH-063,B2899,9
2026-09-30,CH-051,PH-015,B1430,7
2026-09-30,CH-358,PH-048,B2430,3
2026-09-30,CH-030,PH-068,B3028,4
2026-09-30,CH-133,PH-042,B2234,7
2026-09-30,CH-190,PH-013,IG-3302,16
2026-09-30,CH-293,PH-009,B1273,5
2026-09-30,HS-12,PH-067,B3007,16
2026-09-30,CH-225,PH-016,B1474,7
2026-09-30,CH-003,PH-001,P-5560,29
2026-09-30,CH-320,PH-010,B1277,7
2026-09-30,CH-179,PH-001,P-5560,9
2026-09-30,CH-398,PH-043,VD-1201,14
2026-09-30,CH-088,PH-001,P-5560,14
2026-09-30,CH-333,PH-061,B2813,16
2026-09-30,CH-073,PH-052,B2541,23
2026-09-30,CH-124,PH-052,B2561,6
2026-09-30,CH-181,PH-033,B1959,3
2026-09-30,CH-198,PH-064,B2918,1
2026-09-30,CH-293,PH-064,B2925,18
2026-09-30,CH-159,PH-041,B2225,4
2026-09-30,CH-380,PH-026,B1757,15
2026-09-30,CH-339,PH-032,B1904,4
2026-09-30,CH-110,PH-011,B1310,10
2026-09-30,CH-224,PH-036,B2045,14
2026-09-30,CH-275,PH-012,B1366,2
2026-09-30,CH-244,PH-070,B3103,1
2026-09-30,CH-047,PH-012,B1334,6
2026-09-30,CH-041,PH-034,B1981,15
2026-09-30,CH-207,PH-051,B2508,3
2026-09-30,HS-13,PH-016,B1474,3
2026-09-30,CH-144,PH-066,B2975,9
2026-09-30,CH-059,PH-035,B2018,8
2026-09-30,CH-326,PH-015,B1430,3
2026-09-30,CH-183,PH-051,B2508,13
2026-09-30,CH-159,PH-062,B2874,4
2026-09-30,CH-055,PH-001,P-5560,8
2026-09-30,CH-326,PH-069,B3058,10
2026-09-30,CH-006,PH-065,B2957,15
2026-09-30,CH-064,PH-025,B1710,7
2026-09-30,HS-06,PH-024,B1699,5
2026-09-30,CH-216,PH-014,B1399,9
2026-09-30,CH-326,PH-029,B1831,8
2026-09-30,CH-262,PH-007,B1179,36
2026-09-30,CH-116,PH-036,B2055,2
2026-10-01,CH-125,PH-024,B1695,5
2026-10-01,CH-145,PH-074,B3206,5
2026-10-01,CH-388,PH-019,B1552,2
2026-10-01,CH-337,PH-063,B2878,3
2026-10-01,CH-308,PH-045,B2338,1
2026-10-01,CH-195,PH-073,B3160,9
2026-10-01,CH-330,PH-033,B1959,6
2026-10-01,CH-307,PH-009,B1273,10
2026-10-01,CH-174,PH-003,B1083,3
2026-10-01,CH-022,PH-073,B3160,12
2026-10-01,CH-228,PH-068,B3015,4
2026-10-01,CH-209,PH-058,B2740,6
2026-10-01,CH-231,PH-015,B1423,15
2026-10-01,CH-397,PH-051,B2523,8
2026-10-01,CH-198,PH-031,CS-7790,8
2026-10-01,CH-099,PH-051,B2519,7
2026-10-01,CH-068,PH-051,B2523,10
2026-10-01,CH-181,PH-041,B2225,5
2026-10-01,CH-323,PH-049,B2442,6
2026-10-01,CH-078,PH-057,B2683,8
2026-10-01,CH-350,PH-002,B1045,8
2026-10-01,CH-279,PH-035,B2033,3
2026-10-01,CH-247,PH-025,B1716,7
2026-10-01,HS-18,PH-011,B1314,6
2026-10-01,CH-087,PH-046,B2360,3
2026-10-01,CH-106,PH-054,B2622,3
2026-10-01,CH-269,PH-030,B1854,4
2026-10-01,HS-03,PH-065,B2948,19
2026-10-01,CH-242,PH-065,B2938,9
2026-10-01,CH-113,PH-004,B2219,10
2026-10-01,CH-041,PH-004,B2219,7
2026-10-01,CH-295,PH-027,B1764,12
2026-10-01,CH-262,PH-066,B2964,4
2026-10-01,CH-165,PH-022,B1656,10
2026-10-01,CH-366,PH-034,B1997,1
2026-10-01,CH-003,PH-034,B1977,12
2026-10-01,CH-286,PH-038,B2149,9
2026-10-01,CH-177,PH-042,B2250,8
2026-10-01,CH-199,PH-048,B2414,3
2026-10-01,CH-271,PH-021,B1609,5
2026-10-01,CH-118,PH-067,B2997,10
2026-10-01,CH-040,PH-050,B2501,17
2026-10-01,CH-100,PH-035,B2006,15
2026-10-01,CH-127,PH-014,B1410,6
2026-10-01,CH-207,PH-037,B2070,18
2026-10-01,CH-126,PH-020,B1570,1
2026-10-01,CH-194,PH-043,VD-1201,12
2026-10-01,CH-102,PH-010,B1277,7
2026-10-01,CH-017,PH-010,B1277,5
2026-10-01,CH-211,PH-064,B2907,17
2026-10-01,CH-273,PH-052,B2547,23
2026-10-01,CH-220,PH-056,B2665,1
2026-10-01,CH-009,PH-043,VD-1201,8
2026-10-01,CH-267,PH-025,B1710,4
2026-10-01,CH-073,PH-075,B3212,7
2026-10-01,CH-024,PH-039,B2165,10
2026-10-01,CH-084,PH-013,IG-3302,6
2026-10-01,CH-166,PH-005,B1144,6
2026-10-01,CH-215,PH-071,B3118,3
2026-10-01,CH-290,PH-017,B1481,23
2026-10-01,CH-239,PH-044,B2305,10
2026-10-01,CH-012,PH-001,P-5560,22
2026-10-01,CH-377,PH-007,B1207,37
2026-10-01,CH-291,PH-040,B2177,18
2026-10-01,CH-369,PH-059,B2761,1
2026-10-01,CH-143,PH-001,P-5560,4
2026-10-01,CH-096,PH-053,B2568,4
2026-10-01,CH-287,PH-018,B1530,11
2026-10-01,CH-148,PH-060,B2782,4
2026-10-01,CH-203,PH-016,B1474,4
2026-10-01,CH-150,PH-023,B1690,4
2026-10-01,CH-163,PH-032,B1910,4
2026-10-01,CH-335,PH-036,B2045,12
2026-10-01,CH-053,PH-001,P-5560,24
2026-10-01,CH-179,PH-029,B1826,14
2026-10-01,CH-063,PH-007,B1197,3
2026-10-01,CH-246,PH-070,B3103,3
2026-10-01,CH-314,PH-072,B3150,5
2026-10-01,CH-314,PH-028,B1796,8
2026-10-01,CH-188,PH-069,B3058,13
2026-10-01,CH-051,PH-012,B1355,3
2026-10-01,CH-292,PH-026,B1757,7
2026-10-01,CH-342,PH-026,B1737,12
2026-10-01,CH-186,PH-008,B1247,2
2026-10-01,CH-200,PH-062,B2854,3
2026-10-01,CH-041,PH-072,B3150,1
2026-10-01,CH-205,PH-061,B2813,8
2026-10-02,CH-021,PH-037,B2094,16
2026-10-02,CH-397,PH-059,B2773,3
2026-10-02,CH-075,PH-074,B3203,10
2026-10-02,CH-391,PH-057,B2700,9
2026-10-02,CH-266,PH-035,B2018,13
2026-10-02,CH-386,PH-014,B1399,6
2026-10-02,CH-160,PH-030,B1854,4
2026-10-02,CH-345,PH-011,B1310,8
2026-10-02,CH-191,PH-042,B2234,4
2026-10-02,CH-033,PH-054,B2622,5
2026-10-02,CH-208,PH-016,B1462,8
2026-10-02,CH-270,PH-070,B3095,2
2026-10-02,CH-370,PH-050,B2501,11
2026-10-02,CH-280,PH-050,B2475,4
2026-10-02,CH-305,PH-046,B2352,4
2026-10-02,CH-193,PH-012,B1355,4
2026-10-02,HS-03,PH-005,B1140,5
2026-10-02,CH-166,PH-028,B1810,5
2026-10-02,CH-363,PH-075,B3212,8
2026-10-02,CH-011,PH-025,B1710,8
2026-10-02,CH-342,PH-039,B2158,5
2026-10-02,CH-303,PH-036,B2042,24
2026-10-02,CH-247,PH-044,B2305,16
2026-10-02,CH-221,PH-056,B2680,3
2026-10-02,CH-359,PH-039,B2168,10
2026-10-02,CH-100,PH-061,B2813,7
2026-10-02,HS-13,PH-052,B2561,13
2026-10-02,CH-282,PH-052,B2547,12
2026-10-02,CH-217,PH-064,B2925,18
2026-10-02,HS-18,PH-025,B1716,6
2026-10-02,CH-334,PH-013,IG-3302,8
2026-10-02,CH-302,PH-007,B1207,19
2026-10-02,CH-275,PH-010,B1300,5
2026-10-02,CH-362,PH-032,B1922,2
2026-10-02,CH-039,PH-060,B2794,4
2026-10-02,CH-083,PH-002,B1052,11
2026-10-02,CH-165,PH-033,B1959,2
2026-10-02,CH-103,PH-021,B1622,4
2026-10-02,CH-051,PH-043,VD-1201,7
2026-10-02,CH-337,PH-043,VD-1201,12
2026-10-02,CH-175,PH-020,B1570,2
2026-10-02,CH-239,PH-007,B1197,9
2026-10-02,CH-053,PH-067,B2981,5
2026-10-02,CH-007,PH-066,B2967,8
2026-10-02,CH-356,PH-024,B1695,6
2026-10-02,CH-354,PH-065,B2957,9
2026-10-02,CH-116,PH-049,B2466,4
2026-10-02,CH-254,PH-017,B1499,10
2026-10-02,CH-068,PH-073,B3177,9
2026-10-02,CH-233,PH-022,B1629,6
2026-10-02,CH-035,PH-017,B1481,9
2026-10-02,CH-287,PH-018,B1530,18
2026-10-02,CH-326,PH-034,B1981,7
2026-10-02,CH-335,PH-068,B3025,4
2026-10-02,CH-012,PH-034,B1977,5
2026-10-02,CH-383,PH-023,B1676,8
2026-10-02,HS-01,PH-058,B2719,13
2026-10-02,CH-253,PH-058,B2726,2
2026-10-02,CH-144,PH-053,B2585,6
2026-10-02,CH-192,PH-069,B3058,9
2026-10-02,CH-069,PH-015,B1443,13
2026-10-02,CH-306,PH-029,B1826,13
2026-10-02,CH-368,PH-051,B2508,10
2026-10-02,CH-360,PH-051,B2523,9
2026-10-02,CH-256,PH-031,CS-7790,6
2026-10-02,CH-350,PH-001,P-5560,14
2026-10-02,CH-331,PH-062,B2854,7
2026-10-02,CH-100,PH-038,B2114,8
2026-10-02,CH-200,PH-001,P-5560,21
2026-10-02,CH-179,PH-041,B2204,8
2026-10-02,CH-017,PH-065,B2938,9
2026-10-02,CH-131,PH-003,B1092,6
2026-10-02,CH-099,PH-067,B2997,16
2026-10-02,CH-173,PH-055,B2642,2
2026-10-02,CH-368,PH-040,B2177,10
2026-10-02,CH-318,PH-071,B3112,6
2026-10-02,CH-237,PH-040,B2177,1
2026-10-02,CH-264,PH-009,B1269,11
2026-10-02,CH-303,PH-001,P-5560,31
2026-10-02,CH-219,PH-027,B1781,9
2026-10-02,CH-285,PH-072,B3150,18
2026-10-02,CH-026,PH-065,B2948,7
2026-10-02,CH-295,PH-048,B2399,3
2026-10-02,CH-320,PH-004,B2219,11
2026-10-02,CH-254,PH-004,B2219,13
2026-10-02,CH-092,PH-026,B1757,19
2026-10-02,CH-005,PH-063,B2891,10
2026-10-02,CH-182,PH-047,B2383,1
2026-10-03,CH-022,PH-071,B3112,3
2026-10-03,CH-345,PH-042,B2234,8
2026-10-03,CH-117,PH-038,B2130,9
2026-10-03,CH-138,PH-038,B2130,7
2026-10-03,CH-230,PH-026,B1750,6
2026-10-03,HS-06,PH-012,B1355,6
2026-10-03,CH-310,PH-039,B2158,12
2026-10-03,CH-392,PH-039,B2158,3
2026-10-03,CH-282,PH-066,B2967,11
2026-10-03,CH-024,PH-011,B1314,3
2026-10-03,CH-154,PH-027,B1781,2
2026-10-03,CH-001,PH-007,B1197,21
2026-10-03,CH-327,PH-065,B2957,9
2026-10-03,CH-038,PH-021,B1622,5
2026-10-03,CH-282,PH-065,B2948,16
2026-10-03,CH-023,PH-026,B1757,10
2026-10-03,CH-021,PH-034,B1997,11
2026-10-03,CH-068,PH-022,B1656,6
2026-10-03,CH-230,PH-007,B1197,19
2026-10-03,CH-215,PH-060,B2794,2
2026-10-03,CH-358,PH-004,B2219,14
2026-10-03,CH-238,PH-046,B2367,5
2026-10-03,CH-125,PH-004,B2219,12
2026-10-03,CH-148,PH-028,B1791,5
2026-10-03,CH-369,PH-013,IG-3302,13
2026-10-03,CH-212,PH-054,B2622,4
2026-10-03,CH-143,PH-029,B1826,7
2026-10-03,CH-001,PH-017,B1488,4
2026-10-03,CH-312,PH-005,B1135,4
2026-10-03,CH-319,PH-067,B2981,11
2026-10-03,CH-157,PH-024,B1703,6
2026-10-03,CH-389,PH-045,B2324,1
2026-10-03,CH-007,PH-067,B2997,8
2026-10-03,CH-206,PH-047,B2374,1
2026-10-03,CH-054,PH-072,B3155,4
2026-10-03,CH-127,PH-040,B2195,15
2026-10-03,CH-048,PH-048,B2430,5
2026-10-03,CH-087,PH-051,B2519,18
2026-10-03,CH-198,PH-009,B1269,7
2026-10-03,CH-390,PH-003,B1064,11
2026-10-03,CH-127,PH-050,B2501,14
2026-10-03,CH-223,PH-049,B2466,5
2026-10-03,CH-002,PH-001,P-5560,11
2026-10-03,CH-309,PH-073,B3177,6
2026-10-03,CH-154,PH-073,B3177,8
2026-10-03,CH-368,PH-069,B3039,1
2026-10-03,CH-166,PH-069,B3069,21
2026-10-03,CH-178,PH-018,B1533,17
2026-10-03,CH-072,PH-023,B1690,5
2026-10-03,CH-064,PH-058,B2719,8
2026-10-03,CH-064,PH-053,B2568,10
2026-10-03,CH-084,PH-015,B1443,6
2026-10-03,CH-044,PH-068,B3028,5
2026-10-03,CH-378,PH-031,CS-7790,7
2026-10-03,CH-310,PH-001,P-5560,33
2026-10-03,HS-13,PH-001,P-5560,9
2026-10-03,CH-225,PH-062,B2874,2
2026-10-03,CH-314,PH-041,B2217,4
2026-10-03,CH-392,PH-001,P-5560,7
2026-10-03,CH-028,PH-074,B3184,5
2026-10-03,CH-113,PH-057,B2683,7
2026-10-03,CH-117,PH-063,B2891,4
2026-10-03,CH-096,PH-043,VD-1201,4
2026-10-03,CH-047,PH-043,VD-1201,14
2026-10-03,CH-007,PH-059,B2761,3
2026-10-03,CH-166,PH-020,B1587,1
2026-10-03,CH-186,PH-032,B1922,5
2026-10-03,HS-03,PH-010,B1281,9
2026-10-03,CH-339,PH-025,B1710,9
2026-10-03,HS-11,PH-033,B1959,4
2026-10-03,CH-290,PH-037,B2070,16
2026-10-03,CH-212,PH-064,B2925,12
2026-10-03,CH-087,PH-044,B2305,15
2026-10-03,CH-355,PH-056,B2665,1
2026-10-03,CH-363,PH-036,B2042,23
2026-10-03,CH-020,PH-075,B3237,10
2026-10-03,CH-084,PH-067,B3007,6
2026-10-03,CH-061,PH-061,B2813,9
2026-10-03,CH-233,PH-052,B2541,12
2026-10-03,CH-330,PH-002,B1052,5
2026-10-03,CH-296,PH-052,B2561,14
2026-10-03,CH-060,PH-016,B1454,8
2026-10-03,CH-318,PH-014,B1399,4
2026-10-03,CH-292,PH-035,B2033,8
2026-10-03,CH-313,PH-070,B3095,5
2026-10-03,CH-129,PH-001,P-5560,7
2026-10-03,CH-053,PH-052,B2541,5
2026-10-04,CH-296,PH-024,B1703,3
2026-10-04,CH-217,PH-028,B1810,4
2026-10-04,CH-070,PH-047,B2383,3
2026-10-04,CH-138,PH-053,B2576,7
2026-10-04,CH-106,PH-052,B2561,2
2026-10-04,HS-02,PH-052,B2547,30
2026-10-04,CH-129,PH-027,B1781,6
2026-10-04,CH-322,PH-048,B2414,2
2026-10-04,CH-208,PH-029,B1831,4
2026-10-04,CH-053,PH-023,B1671,7
2026-10-04,CH-009,PH-051,B2519,3
2026-10-04,HS-13,PH-022,B1656,9
2026-10-04,CH-209,PH-051,B2523,6
2026-10-04,CH-204,PH-049,B2457,6
2026-10-04,CH-187,PH-050,B2475,9
2026-10-04,CH-342,PH-025,B1710,12
2026-10-04,CH-027,PH-026,B1757,19
2026-10-04,CH-334,PH-064,B2925,5
2026-10-04,CH-340,PH-018,B1530,6
2026-10-04,CH-023,PH-033,B1959,7
2026-10-04,CH-272,PH-018,B1527,6
2026-10-04,CH-153,PH-018,B1530,11
2026-10-04,CH-021,PH-011,B1331,7
2026-10-04,CH-190,PH-007,B1179,22
2026-10-04,CH-065,PH-007,B1179,9
2026-10-04,CH-338,PH-071,B3134,4
2026-10-04,CH-166,PH-059,B2773,2
2026-10-04,CH-222,PH-042,B2244,3
2026-10-04,CH-320,PH-066,B2964,7
2026-10-04,CH-289,PH-031,CS-7790,4
2026-10-04,CH-346,PH-034,B1997,12
2026-10-04,CH-236,PH-040,B2195,7
2026-10-04,CH-269,PH-012,B1355,7
2026-10-04,CH-382,PH-040,B2177,10
2026-10-04,CH-314,PH-058,B2726,10
2026-10-04,CH-037,PH-054,B2622,7
2026-10-04,CH-190,PH-036,B2042,1
2026-10-04,CH-123,PH-036,B2042,9
2026-10-04,CH-279,PH-036,B2055,11
2026-10-04,CH-129,PH-017,B1499,9
2026-10-04,CH-115,PH-060,B2806,2
2026-10-04,CH-147,PH-044,B2295,15
2026-10-04,CH-071,PH-067,B2981,5
2026-10-04,CH-292,PH-067,B3007,14
2026-10-04,CH-360,PH-009,B1273,7
2026-10-04,CH-153,PH-068,B3025,2
2026-10-04,CH-185,PH-061,B2813,9
2026-10-04,CH-392,PH-041,B2204,11
2026-10-04,CH-353,PH-061,B2813,3
2026-10-04,CH-216,PH-008,B1221,3
2026-10-04,CH-348,PH-069,B3039,6
2026-10-04,CH-231,PH-069,B3039,13
2026-10-04,CH-093,PH-010,B1300,6
2026-10-04,CH-285,PH-010,B1281,5
2026-10-04,CH-084,PH-070,B3103,1
2026-10-04,CH-246,PH-032,B1922,3
2026-10-04,CH-086,PH-072,B3141,7
2026-10-04,CH-313,PH-005,B1140,7
2026-10-04,CH-349,PH-019,B1540,4
2026-10-04,CH-216,PH-021,B1595,6
2026-10-04,CH-062,PH-073,B3165,14
2026-10-04,CH-281,PH-075,B3237,4
2026-10-04,CH-001,PH-039,B2165,11
2026-10-04,CH-345,PH-004,B2219,12
2026-10-04,CH-076,PH-004,B2219,7
2026-10-04,CH-011,PH-043,VD-1201,26
2026-10-04,CH-228,PH-030,B1847,4
2026-10-04,CH-235,PH-056,B2680,5
2026-10-04,CH-021,PH-014,B1410,8
2026-10-04,CH-121,PH-046,B2367,4
2026-10-04,CH-272,PH-038,B2114,8
2026-10-04,CH-145,PH-015,B1443,14
2026-10-04,CH-309,PH-063,B2899,3
2026-10-04,CH-302,PH-001,P-5560,4
2026-10-04,CH-289,PH-001,P-5560,23
2026-10-04,CH-208,PH-001,P-5560,24
2026-10-04,CH-058,PH-055,B2632,1
2026-10-04,CH-381,PH-075,B3212,5
2026-10-04,CH-380,PH-035,B2033,12
2026-10-04,CH-349,PH-062,B2854,5
2026-10-04,CH-294,PH-003,B1083,6
2026-10-04,CH-366,PH-074,B3206,12
2026-10-04,CH-254,PH-045,B2338,2
2026-10-04,HS-17,PH-013,IG-3302,13
2026-10-04,CH-066,PH-065,B2938,21
2026-10-04,CH-328,PH-020,B1587,2
2026-10-04,CH-263,PH-057,B2693,7
2026-10-04,CH-381,PH-002,B1042,10
2026-10-04,CH-216,PH-037,B2070,14
2026-10-04,CH-187,PH-037,B2070,1
2026-10-04,CH-390,PH-016,B1454,8
2026-10-05,CH-147,PH-012,B1334,6
2026-10-05,CH-078,PH-067,B2981,17
2026-10-05,CH-309,PH-065,B2957,20
2026-10-05,CH-250,PH-043,VD-1201,7
2026-10-05,CH-140,PH-033,B1948,6
2026-10-05,CH-112,PH-025,B1710,10
2026-10-05,CH-379,PH-010,B1277,2
2026-10-05,CH-066,PH-013,IG-3302,11
2026-10-05,CH-336,PH-043,VD-1201,13
2026-10-05,CH-396,PH-034,B1981,7
2026-10-05,CH-217,PH-066,B2975,10
2026-10-05,CH-388,PH-064,B2918,15
2026-10-05,CH-306,PH-064,B2907,3
2026-10-05,CH-370,PH-011,B1331,6
2026-10-05,CH-150,PH-014,B1410,2
2026-10-05,CH-285,PH-012,B1355,1
2026-10-05,CH-384,PH-054,B2622,7
2026-10-05,CH-084,PH-035,B2033,15
2026-10-05,CH-207,PH-073,B3160,13
2026-10-05,CH-257,PH-050,B2501,14
2026-10-05,CH-323,PH-003,B1064,3
2026-10-05,CH-097,PH-074,B3206,10
2026-10-05,CH-125,PH-002,B1042,7
2026-10-05,CH-301,PH-037,B2070,17
2026-10-05,CH-037,PH-075,B3237,5
2026-10-05,CH-343,PH-005,B1135,3
2026-10-05,CH-219,PH-039,B2168,10
2026-10-05,CH-364,PH-004,B2219,13
2026-10-05,CH-127,PH-027,B1781,4
2026-10-05,CH-300,PH-038,B2130,11
2026-10-05,CH-004,PH-001,P-5560,27
2026-10-05,CH-223,PH-001,P-5560,9
2026-10-05,CH-396,PH-001,P-5560,15
2026-10-05,CH-062,PH-049,B2457,7
2026-10-05,CH-269,PH-004,B2219,6
2026-10-05,CH-037,PH-072,B3155,5
2026-10-05,CH-215,PH-006,B1168,1
2026-10-05,CH-227,PH-040,B2182,18
2026-10-05,CH-285,PH-048,B2414,5
2026-10-05,CH-062,PH-051,B2519,20
2026-10-05,CH-355,PH-009,B1269,5
2026-10-05,CH-277,PH-068,B3025,3
2026-10-05,CH-295,PH-041,B2204,8
2026-10-05,CH-032,PH-008,B1221,1
2026-10-05,CH-006,PH-069,B3069,6
2026-10-05,CH-002,PH-069,B3039,13
2026-10-05,CH-163,PH-070,B3095,1
2026-10-05,CH-312,PH-036,B2042,5
2026-10-05,CH-195,PH-007,B1179,9
2026-10-05,CH-227,PH-007,B1197,25
2026-10-05,CH-199,PH-071,B3118,6
2026-10-05,CH-372,PH-026,B1737,17
2026-10-05,CH-166,PH-028,B1810,5
2026-10-05,CH-345,PH-036,B2042,15
2026-10-05,CH-178,PH-040,B2195,5
2026-10-05,CH-028,PH-035,B2006,6
2026-10-05,CH-016,PH-024,B1695,4
2026-10-05,HS-01,PH-042,B2234,3
2026-10-05,CH-143,PH-016,B1454,11
2026-10-05,CH-247,PH-047,B2383,2
2026-10-05,CH-351,PH-019,B1540,1
2026-10-05,CH-362,PH-059,B2773,5
2026-10-05,CH-110,PH-044,B2295,15
2026-10-05,CH-325,PH-044,B2310,1
2026-10-05,CH-217,PH-018,B1533,8
2026-10-05,CH-205,PH-057,B2683,9
2026-10-05,CH-150,PH-062,B2874,11
2026-10-05,CH-089,PH-018,B1530,6
2026-10-05,CH-057,PH-023,B1676,9
2026-10-05,CH-049,PH-046,B2352,9
2026-10-05,CH-174,PH-052,B2547,26
2026-10-05,CH-023,PH-052,B2561,5
2026-10-05,CH-138,PH-045,B2324,1
2026-10-05,CH-109,PH-030,B1847,5
2026-10-05,CH-188,PH-061,B2827,10
2026-10-05,CH-288,PH-032,B1910,2
2026-10-05,CH-151,PH-022,B1646,4
2026-10-05,CH-272,PH-031,CS-7731,3
2026-10-05,CH-106,PH-021,B1622,5
2026-10-05,CH-316,PH-063,B2899,5
2026-10-05,CH-249,PH-020,B1579,2
2026-10-05,HS-15,PH-058,B2726,11
2026-10-05,CH-006,PH-053,B2585,7
2026-10-05,CH-024,PH-017,B1488,12
2026-10-05,HS-16,PH-029,B1826,11
2026-10-05,CH-074,PH-015,B1430,7
2026-10-05,CH-326,PH-060,B2794,2
2026-10-05,CH-366,PH-015,B1443,5
2026-10-06,CH-295,PH-008,B1221,2
2026-10-06,CH-135,PH-041,B2217,4
2026-10-06,CH-353,PH-074,B3184,9
2026-10-06,CH-259,PH-035,B2033,17
2026-10-06,CH-107,PH-048,B2399,5
2026-10-06,CH-273,PH-059,B2761,2
2026-10-06,CH-135,PH-009,B1269,6
2026-10-06,CH-076,PH-002,B1045,11
2026-10-06,CH-110,PH-044,B2295,13
2026-10-06,CH-255,PH-056,B2680,1
2026-10-06,CH-301,PH-037,B2070,14
2026-10-06,CH-255,PH-044,B2310,10
2026-10-06,CH-009,PH-051,B2519,9
2026-10-06,CH-349,PH-068,B3015,6
2026-10-06,CH-348,PH-020,B1570,2
2026-10-06,CH-306,PH-024,B1695,3
2026-10-06,CH-164,PH-057,B2700,5
2026-10-06,CH-034,PH-040,B2177,9
2026-10-06,HS-10,PH-040,B2182,8
2026-10-06,HS-14,PH-058,B2740,18
2026-10-06,CH-399,PH-053,B2568,5
2026-10-06,CH-030,PH-072,B3155,6
2026-10-06,CH-050,PH-036,B2042,9
2026-10-06,CH-162,PH-036,B2042,19
2026-10-06,CH-121,PH-031,CS-7790,7
2026-10-06,CH-158,PH-028,B1791,6
2026-10-06,CH-379,PH-005,B1135,4
2026-10-06,CH-140,PH-026,B1750,4
2026-10-06,CH-198,PH-026,B1750,16
2026-10-06,CH-102,PH-029,B1826,6
2026-10-06,HS-14,PH-071,B3134,4
2026-10-06,HS-05,PH-073,B3177,20
2026-10-06,CH-250,PH-018,B1527,12
2026-10-06,CH-240,PH-018,B1533,6
2026-10-06,CH-304,PH-007,B1197,29
2026-10-06,CH-335,PH-007,B1197,1
2026-10-06,CH-064,PH-023,B1671,9
2026-10-06,CH-176,PH-003,B1064,7
2026-10-06,CH-274,PH-070,B3103,1
2026-10-06,CH-245,PH-035,B2006,5
2026-10-06,CH-357,PH-050,B2501,12
2026-10-06,CH-036,PH-069,B3069,5
2026-10-06,CH-282,PH-045,B2324,2
2026-10-06,CH-228,PH-019,B1540,2
2026-10-06,CH-324,PH-006,B1168,1
2026-10-06,CH-102,PH-017,B1481,1
2026-10-06,HS-12,PH-017,B1499,8
2026-10-06,CH-198,PH-004,B2219,11
2026-10-06,CH-366,PH-004,B2219,13
2026-10-06,CH-040,PH-066,B2975,3
2026-10-06,CH-083,PH-016,B1474,6
2026-10-06,CH-047,PH-049,B2442,4
2026-10-06,CH-178,PH-034,B1997,12
2026-10-06,CH-357,PH-052,B2561,28
2026-10-06,CH-015,PH-052,B2541,9
2026-10-06,CH-022,PH-017,B1481,5
2026-10-06,CH-231,PH-012,B1334,7
2026-10-06,CH-281,PH-038,B2149,10
2026-10-06,CH-007,PH-001,P-5560,6
2026-10-06,CH-253,PH-038,B2130,3
2026-10-06,CH-314,PH-065,B2948,4
2026-10-06,CH-178,PH-065,B2957,23
2026-10-06,CH-065,PH-001,P-5560,6
2026-10-06,CH-179,PH-064,B2907,11
2026-10-06,CH-016,PH-064,B2907,8
2026-10-06,CH-101,PH-062,B2854,3
2026-10-06,CH-130,PH-013,IG-3302,16
2026-10-06,CH-265,PH-001,P-5560,25
2026-10-06,CH-296,PH-001,P-5560,12
2026-10-06,CH-137,PH-042,B2244,3
2026-10-06,CH-007,PH-046,B2360,1
2026-10-06,CH-020,PH-014,B1410,4
2026-10-06,CH-244,PH-021,B1622,5
2026-10-06,CH-380,PH-075,B3237,2
2026-10-06,CH-360,PH-054,B2622,4
2026-10-06,CH-147,PH-067,B2981,22
2026-10-06,CH-150,PH-063,B2899,6
2026-10-06,CH-381,PH-060,B2782,1
2026-10-06,CH-014,PH-033,B1948,4
2026-10-06,CH-008,PH-022,B1629,6
2026-10-06,CH-024,PH-043,VD-1201,6
2026-10-06,CH-295,PH-039,B2158,13
2026-10-06,CH-039,PH-025,B1716,7
2026-10-06,CH-187,PH-015,B1423,14
2026-10-06,CH-158,PH-043,VD-1201,18
2026-10-06,CH-186,PH-010,B1300,5
2026-10-06,CH-068,PH-030,B1857,3
2026-10-06,CH-080,PH-032,B1922,2
2026-10-06,CH-034,PH-011,B1310,6
2026-10-06,CH-159,PH-055,B2648,1
2026-10-06,CH-112,PH-027,B1764,10
2026-10-06,CH-148,PH-061,B2813,15
2026-10-06,CH-193,PH-001,P-5560,18
2026-10-07,CH-256,PH-053,B2576,3
2026-10-07,CH-069,PH-022,B1656,3
2026-10-07,CH-280,PH-046,B2352,2
2026-10-07,CH-027,PH-005,B1144,6
2026-10-07,HS-17,PH-054,B2622,5
2026-10-07,CH-007,PH-072,B3150,6
2026-10-07,CH-259,PH-050,B2501,7
2026-10-07,CH-386,PH-001,P-5560,33
2026-10-07,CH-202,PH-075,B3227,10
2026-10-07,CH-114,PH-039,B2158,1
2026-10-07,CH-299,PH-037,B2094,13
2026-10-07,CH-067,PH-039,B2158,13
2026-10-07,CH-104,PH-056,B2658,2
2026-10-07,CH-166,PH-020,B1587,6
2026-10-07,CH-314,PH-021,B1609,5
2026-10-07,CH-025,PH-030,B1847,6
2026-10-07,CH-073,PH-055,B2632,2
2026-10-07,CH-338,PH-073,B3177,5
2026-10-07,CH-276,PH-002,B1052,7
2026-10-07,CH-042,PH-027,B1781,6
2026-10-07,CH-393,PH-004,B2219,8
2026-10-07,CH-224,PH-057,B2693,7
2026-10-07,CH-358,PH-004,B2219,9
2026-10-07,CH-044,PH-019,B1560,3
2026-10-07,CH-385,PH-003,B1064,5
2026-10-07,CH-290,PH-073,B3160,16
2026-10-07,CH-375,PH-001,P-5560,6
2026-10-07,CH-118,PH-001,P-5560,23
2026-10-07,CH-215,PH-074,B3203,9
2026-10-07,CH-396,PH-006,B1168,2
2026-10-07,CH-221,PH-023,B1690,7
2026-10-07,CH-115,PH-038,B2149,13
2026-10-07,CH-161,PH-058,B2740,8
2026-10-07,CH-347,PH-035,B2018,18
2026-10-07,CH-002,PH-067,B2981,1
2026-10-07,CH-077,PH-067,B2997,14
2026-10-07,CH-219,PH-067,B3007,13
2026-10-07,CH-285,PH-025,B1716,5
2026-10-07,CH-016,PH-025,B1710,6
2026-10-07,CH-128,PH-060,B2794,1
2026-10-07,CH-097,PH-010,B1300,9
2026-10-07,CH-212,PH-066,B2975,5
2026-10-07,CH-202,PH-032,B1910,1
2026-10-07,CH-207,PH-011,B1310,6
2026-10-07,CH-346,PH-016,B1474,11
2026-10-07,CH-118,PH-042,B2244,5
2026-10-07,CH-315,PH-052,B2541,27
2026-10-07,CH-173,PH-034,B1981,8
2026-10-07,CH-388,PH-012,B1355,10
2026-10-07,CH-127,PH-024,B1703,5
2026-10-07,CH-094,PH-024,B1703,1
2026-10-07,CH-064,PH-033,B1931,3
2026-10-07,CH-354,PH-014,B1410,4
2026-10-07,CH-153,PH-015,B1430,14
2026-10-07,CH-090,PH-043,VD-1201,14
2026-10-07,CH-145,PH-041,B2225,6
2026-10-07,HS-10,PH-062,B2864,10
2026-10-07,CH-261,PH-064,B2907,1
2026-10-07,CH-156,PH-013,IG-3302,2
2026-10-07,CH-127,PH-013,IG-3302,14
2026-10-07,CH-181,PH-061,B2841,15
2026-10-07,CH-383,PH-065,B2948,22
2026-10-07,CH-266,PH-012,B1355,1
2026-10-07,CH-178,PH-064,B2925,16
2026-10-07,CH-267,PH-017,B1481,14
2026-10-07,CH-197,PH-049,B2457,8
2026-10-07,CH-244,PH-069,B3069,5
2026-10-07,CH-253,PH-044,B2305,4
2026-10-07,CH-277,PH-018,B1530,13
2026-10-07,CH-170,PH-026,B1750,26
2026-10-07,CH-255,PH-007,B1207,21
2026-10-07,CH-136,PH-028,B1791,10
2026-10-07,CH-334,PH-063,B2899,4
2026-10-07,CH-309,PH-048,B2430,12
2026-10-07,CH-289,PH-031,CS-7790,3
2026-10-07,CH-298,PH-070,B3103,3
2026-10-07,CH-328,PH-047,B2386,1
2026-10-07,CH-371,PH-036,B2042,15
2026-10-07,CH-210,PH-069,B3039,10
2026-10-07,CH-233,PH-071,B3112,6
2026-10-07,CH-356,PH-044,B2295,6
2026-10-07,CH-247,PH-009,B1269,10
2026-10-07,CH-064,PH-029,B1826,2
2026-10-07,CH-222,PH-029,B1831,9
2026-10-07,CH-004,PH-040,B2182,6
2026-10-07,CH-105,PH-008,B1227,1
2026-10-07,CH-165,PH-059,B2773,6
2026-10-07,CH-051,PH-068,B3025,4
2026-10-07,CH-133,PH-040,B2177,14
2026-10-07,CH-163,PH-051,B2519,20
2026-10-08,CH-265,PH-040,B2195,8
2026-10-08,CH-391,PH-036,B2055,9
2026-10-08,CH-248,PH-040,B2195,14
2026-10-08,CH-035,PH-043,VD-1201,6
2026-10-08,CH-037,PH-031,CS-7790,1
2026-10-08,CH-222,PH-033,B1948,6
2026-10-08,HS-03,PH-048,B2414,3
2026-10-08,CH-038,PH-034,B1997,15
2026-10-08,CH-371,PH-044,B2295,14
2026-10-08,CH-125,PH-046,B2352,3
2026-10-08,CH-210,PH-039,B2158,17
2026-10-08,CH-313,PH-042,B2244,7
2026-10-08,CH-175,PH-032,B1904,3
2026-10-08,CH-033,PH-047,B2386,2
2026-10-08,CH-098,PH-029,B1826,14
2026-10-08,CH-044,PH-030,B1857,2
2026-10-08,CH-089,PH-028,B1796,7
2026-10-08,CH-031,PH-041,B2217,6
2026-10-08,CH-034,PH-037,B2070,2
2026-10-08,CH-184,PH-037,B2094,20
2026-10-08,CH-152,PH-043,VD-1201,10
2026-10-08,CH-320,PH-035,B2006,12
2026-10-08,CH-357,PH-038,B2149,11
2026-10-08,HS-13,PH-063,B2899,8
2026-10-08,HS-04,PH-023,B1690,9
2026-10-08,CH-247,PH-058,B2726,4
2026-10-08,CH-090,PH-015,B1443,16
2026-10-08,CH-341,PH-071,B3112,5
2026-10-08,CH-115,PH-026,B1757,24
2026-10-08,CH-227,PH-051,B2519,22
2026-10-08,CH-358,PH-007,B1207,34
2026-10-08,CH-386,PH-013,IG-3302,6
2026-10-08,CH-311,PH-013,IG-3302,7
2026-10-08,CH-390,PH-065,B2938,19
2026-10-08,CH-018,PH-018,B1527,4
2026-10-08,CH-360,PH-069,B3069,11
2026-10-08,CH-038,PH-008,B1247,1
2026-10-08,CH-238,PH-018,B1533,11
2026-10-08,CH-097,PH-059,B2773,2
2026-10-08,CH-183,PH-068,B3015,4
2026-10-08,CH-363,PH-009,B1255,6
2026-10-08,CH-251,PH-009,B1255,8
2026-10-08,CH-125,PH-062,B2854,9
2026-10-08,CH-216,PH-017,B1481,11
2026-10-08,CH-268,PH-060,B2794,2
2026-10-08,CH-334,PH-025,B1724,8
2026-10-08,CH-073,PH-067,B2981,10
2026-10-08,CH-053,PH-067,B2981,6
2026-10-08,CH-072,PH-067,B3007,5
2026-10-08,CH-250,PH-010,B1277,7
2026-10-08,CH-245,PH-010,B1277,2
2026-10-08,CH-371,PH-016,B1454,12
2026-10-08,CH-027,PH-011,B1331,11
2026-10-08,HS-11,PH-012,B1366,8
2026-10-08,CH-390,PH-072,B3141,3
2026-10-08,CH-396,PH-053,B2576,8
2026-10-08,CH-010,PH-019,B1560,1
2026-10-08,CH-070,PH-001,P-5560,39
2026-10-08,CH-240,PH-001,P-5560,16
2026-10-08,CH-178,PH-001,P-5560,9
2026-10-08,CH-168,PH-022,B1646,5
2026-10-08,CH-226,PH-054,B2622,6
2026-10-08,CH-199,PH-054,B2605,1
2026-10-08,CH-169,PH-014,B1405,7
2026-10-08,CH-164,PH-064,B2925,22
2026-10-08,HS-03,PH-004,B2219,5
2026-10-08,CH-108,PH-004,B2219,11
2026-10-08,CH-057,PH-021,B1609,2
2026-10-08,CH-052,PH-075,B3212,2
2026-10-08,CH-236,PH-049,B2466,8
2026-10-08,CH-004,PH-021,B1609,6
2026-10-08,CH-078,PH-075,B3212,11
2026-10-08,CH-190,PH-050,B2475,7
2026-10-08,CH-381,PH-005,B1135,8
2026-10-08,CH-159,PH-073,B3177,12
2026-10-08,CH-052,PH-024,B1695,6
2026-10-08,CH-182,PH-057,B2693,10
2026-10-08,CH-131,PH-052,B2561,10
2026-10-08,CH-179,PH-020,B1570,3
2026-10-08,CH-174,PH-027,B1773,6
2026-10-08,CH-021,PH-061,B2841,5
2026-10-08,CH-281,PH-074,B3206,4
2026-10-08,CH-201,PH-052,B2561,17
2026-10-08,CH-400,PH-052,B2541,4
2026-10-08,CH-256,PH-002,B1045,6
2026-10-08,CH-364,PH-056,B2680,1
2026-10-08,CH-008,PH-003,B1064,4
2026-10-09,CH-288,PH-015,B1430,8
2026-10-09,CH-009,PH-043,VD-1201,21
2026-10-09,CH-350,PH-061,B2827,3
2026-10-09,CH-060,PH-062,B2854,7
2026-10-09,CH-366,PH-049,B2466,9
2026-10-09,CH-233,PH-032,B1904,1
2026-10-09,CH-189,PH-054,B2593,5
2026-10-09,CH-232,PH-030,B1847,4
2026-10-09,CH-321,PH-021,B1622,3
2026-10-09,CH-365,PH-056,B2665,2
2026-10-09,CH-073,PH-020,B1570,6
2026-10-09,CH-063,PH-045,B2324,3
2026-10-09,CH-229,PH-019,B1552,1
2026-10-09,CH-315,PH-057,B2683,5
2026-10-09,CH-030,PH-058,B2740,12
2026-10-09,CH-156,PH-031,CS-7790,8
2026-10-09,CH-022,PH-018,B1527,25
2026-10-09,CH-016,PH-044,B2295,10
2026-10-09,CH-321,PH-062,B2874,1
2026-10-09,CH-227,PH-059,B2761,3
2026-10-09,CH-240,PH-017,B1499,13
2026-10-09,CH-016,PH-060,B2782,3
2026-10-09,CH-053,PH-016,B1454,9
2026-10-09,CH-362,PH-061,B2841,11
2026-10-09,CH-109,PH-044,B2295,7
2026-10-09,CH-213,PH-034,B1997,17
2026-10-09,CH-350,PH-033,B1948,4
2026-10-09,CH-394,PH-036,B2042,13
2026-10-09,CH-144,PH-040,B2195,13
2026-10-09,CH-108,PH-006,B1171,1
2026-10-09,CH-241,PH-072,B3141,8
2026-10-09,CH-148,PH-005,B1135,2
2026-10-09,CH-010,PH-073,B3177,20
2026-10-09,CH-361,PH-039,B2165,4
2026-10-09,CH-020,PH-039,B2168,11
2026-10-09,CH-162,PH-003,B1064,11
2026-10-09,CH-377,PH-071,B3134,3
2026-10-09,CH-140,PH-002,B1045,5
2026-10-09,CH-003,PH-074,B3184,6
2026-10-09,CH-313,PH-037,B2073,16
2026-10-09,CH-301,PH-075,B3212,8
2026-10-09,CH-135,PH-004,B2219,13
2026-10-09,CH-160,PH-004,B2219,12
2026-10-09,CH-369,PH-038,B2130,17
2026-10-09,CH-172,PH-001,P-5560,14
2026-10-09,CH-371,PH-001,P-5560,23
2026-10-09,CH-156,PH-001,P-5560,24
2026-10-09,CH-167,PH-002,B1045,7
2026-10-09,CH-173,PH-063,B2891,8
2026-10-09,CH-256,PH-007,B1197,8
2026-10-09,CH-208,PH-007,B1197,25
2026-10-09,CH-354,PH-014,B1410,5
2026-10-09,CH-325,PH-013,IG-3302,11
2026-10-09,CH-152,PH-013,IG-3302,5
2026-10-09,CH-067,PH-065,B2938,17
2026-10-09,CH-300,PH-065,B2948,2
2026-10-09,CH-367,PH-012,B1355,12
2026-10-09,CH-081,PH-022,B1629,6
2026-10-09,CH-065,PH-042,B2234,6
2026-10-09,CH-334,PH-011,B1331,3
2026-10-09,CH-376,PH-007,B1197,7
2026-10-09,CH-220,PH-066,B2967,7
2026-10-09,CH-062,PH-067,B2997,17
2026-10-09,CH-115,PH-067,B3007,10
2026-10-09,HS-09,PH-035,B2033,14
2026-10-09,CH-170,PH-041,B2217,8
2026-10-09,CH-317,PH-009,B1269,9
2026-10-09,CH-054,PH-068,B3028,1
2026-10-09,CH-124,PH-008,B1247,1
2026-10-09,CH-247,PH-069,B3058,10
2026-10-09,CH-312,PH-070,B3087,2
2026-10-09,CH-242,PH-010,B1277,4
2026-10-09,CH-212,PH-046,B2367,4
2026-10-09,CH-301,PH-064,B2907,7
2026-10-09,CH-193,PH-048,B2414,2
2026-10-09,CH-206,PH-029,B1826,4
2026-10-09,CH-062,PH-050,B2491,14
2026-10-09,HS-10,PH-026,B1750,23
2026-10-09,CH-338,PH-028,B1810,2
2026-10-09,CH-289,PH-027,B1773,10
2026-10-09,CH-197,PH-052,B2547,29
2026-10-09,CH-241,PH-024,B1695,4
2026-10-09,CH-386,PH-047,B2374,3
2026-10-09,CH-024,PH-053,B2576,6
2026-10-09,CH-161,PH-025,B1724,5
2026-10-09,CH-146,PH-051,B2523,21
2026-10-09,CH-261,PH-023,B1671,6
2026-10-10,CH-035,PH-001,P-5560,7
2026-10-10,CH-318,PH-044,B2295,7
2026-10-10,CH-253,PH-071,B3118,4
2026-10-10,CH-145,PH-026,B1757,28
2026-10-10,CH-017,PH-049,B2442,1
2026-10-10,CH-100,PH-067,B2981,5
2026-10-10,CH-124,PH-018,B1533,10
2026-10-10,CH-110,PH-028,B1791,11
2026-10-10,CH-012,PH-014,B1399,6
2026-10-10,CH-325,PH-067,B3007,9
2026-10-10,CH-280,PH-037,B2070,6
2026-10-10,CH-379,PH-074,B3184,6
2026-10-10,CH-170,PH-037,B2073,10
2026-10-10,CH-384,PH-031,CS-7790,6
2026-10-10,CH-258,PH-063,B2899,8
2026-10-10,CH-090,PH-007,B1207,27
2026-10-10,CH-103,PH-067,B3007,2
2026-10-10,CH-336,PH-001,P-5560,8
2026-10-10,CH-117,PH-054,B2605,5
2026-10-10,CH-249,PH-064,B2918,18
2026-10-10,CH-124,PH-058,B2740,9
2026-10-10,CH-373,PH-075,B3212,5
2026-10-10,CH-074,PH-070,B3095,1
2026-10-10,HS-20,PH-052,B2561,21
2026-10-10,CH-367,PH-049,B2457,5
2026-10-10,CH-042,PH-050,B2501,12
2026-10-10,CH-298,PH-036,B2055,12
2026-10-10,CH-013,PH-039,B2158,8
2026-10-10,CH-242,PH-023,B1671,6
2026-10-10,CH-371,PH-016,B1454,5
2026-10-10,CH-071,PH-073,B3160,15
2026-10-10,CH-383,PH-061,B2827,8
2026-10-10,CH-267,PH-061,B2813,6
2026-10-10,CH-279,PH-003,B1092,4
2026-10-10,CH-039,PH-003,B1083,6
2026-10-10,CH-087,PH-005,B1140,4
2026-10-10,CH-102,PH-060,B2782,3
2026-10-10,CH-394,PH-022,B1629,5
2026-10-10,CH-288,PH-029,B1831,14
2026-10-10,HS-01,PH-072,B3141,4
2026-10-10,CH-247,PH-017,B1488,10
2026-10-10,CH-334,PH-017,B1499,6
2026-10-10,CH-301,PH-043,VD-1201,25
2026-10-10,CH-342,PH-006,B1160,1
2026-10-10,CH-355,PH-040,B2182,15
2026-10-10,CH-212,PH-015,B1443,8
2026-10-10,CH-182,PH-002,B1045,7
2026-10-10,CH-029,PH-036,B2055,5
2026-10-10,CH-010,PH-062,B2874,7
2026-10-10,CH-179,PH-059,B2758,3
2026-10-10,CH-270,PH-013,IG-3302,23
2026-10-10,CH-113,PH-024,B1695,5
2026-10-10,HS-13,PH-027,B1781,10
2026-10-10,CH-095,PH-057,B2683,14
2026-10-10,CH-245,PH-001,P-5560,17
2026-10-10,CH-220,PH-051,B2519,16
2026-10-10,HS-13,PH-034,B1997,11
2026-10-10,CH-176,PH-024,B1695,1
2026-10-10,CH-273,PH-056,B2665,4
2026-10-10,CH-228,PH-038,B2114,12
2026-10-10,CH-143,PH-068,B3015,5
2026-10-10,HS-05,PH-041,B2225,6
2026-10-10,CH-034,PH-042,B2234,8
2026-10-10,CH-080,PH-069,B3069,6
2026-10-10,CH-267,PH-011,B1310,2
2026-10-10,CH-110,PH-011,B1310,6
2026-10-10,CH-042,PH-021,B1622,7
2026-10-10,CH-047,PH-046,B2352,8
2026-10-10,CH-057,PH-066,B2967,8
2026-10-10,CH-323,PH-035,B2006,18
2026-10-10,CH-365,PH-048,B2414,2
2026-10-10,CH-224,PH-009,B1269,7
2026-10-10,CH-167,PH-001,P-5560,26
2026-10-10,CH-242,PH-055,B2632,2
2026-10-10,CH-053,PH-030,B1847,1
2026-10-10,CH-135,PH-020,B1579,3
2026-10-10,CH-373,PH-032,B1904,2
2026-10-10,CH-195,PH-012,B1334,11
2026-10-10,CH-082,PH-025,B1724,9
2026-10-10,CH-249,PH-040,B2182,3
2026-10-10,CH-181,PH-010,B1300,10
2026-10-10,CH-059,PH-004,B2219,13
2026-10-10,CH-199,PH-004,B2219,9
2026-10-10,CH-341,PH-053,B2568,7
2026-10-10,CH-062,PH-065,B2948,19
2026-10-10,CH-330,PH-019,B1560,1
2026-10-11,CH-204,PH-072,B3150,5
2026-10-11,CH-020,PH-067,B3007,21
2026-10-11,CH-393,PH-065,B2948,17
2026-10-11,CH-272,PH-064,B2907,22
2026-10-11,CH-378,PH-043,VD-1201,17
2026-10-11,CH-018,PH-069,B3039,1
2026-10-11,CH-002,PH-070,B3087,1
2026-10-11,CH-319,PH-005,B1135,3
2026-10-11,CH-017,PH-061,B2813,1
2026-10-11,CH-102,PH-035,B2006,11
2026-10-11,CH-107,PH-032,B1904,6
2026-10-11,CH-070,PH-051,B2519,24
2026-10-11,CH-289,PH-024,B1699,4
2026-10-11,CH-247,PH-013,IG-3302,13
2026-10-11,CH-328,PH-039,B2168,12
2026-10-11,CH-099,PH-009,B1269,9
2026-10-11,CH-306,PH-010,B1277,6
2026-10-11,CH-073,PH-067,B2981,6
2026-10-11,CH-232,PH-066,B2964,4
2026-10-11,CH-019,PH-011,B1310,8
2026-10-11,CH-299,PH-042,B2250,5
2026-10-11,CH-046,PH-006,B1160,1
2026-10-11,CH-043,PH-065,B2938,5
2026-10-11,CH-340,PH-028,B1796,5
2026-10-11,CH-088,PH-069,B3069,8
2026-10-11,CH-139,PH-033,B1948,3
2026-10-11,CH-108,PH-014,B1410,3
2026-10-11,CH-334,PH-052,B2561,24
2026-10-11,CH-312,PH-012,B1334,7
2026-10-11,CH-263,PH-008,B1227,2
2026-10-11,CH-121,PH-071,B3134,5
2026-10-11,CH-206,PH-025,B1710,14
2026-10-11,CH-206,PH-063,B2878,3
2026-10-11,CH-201,PH-026,B1757,8
2026-10-11,CH-320,PH-068,B3015,4
2026-10-11,CH-181,PH-062,B2874,3
2026-10-11,CH-089,PH-007,B1197,24
2026-10-11,CH-019,PH-007,B1179,19
2026-10-11,CH-056,PH-048,B2399,4
2026-10-11,CH-298,PH-036,B2055,26
2026-10-11,CH-239,PH-041,B2217,5
2026-10-11,CH-032,PH-015,B1423,15
2026-10-11,CH-238,PH-026,B1757,13
2026-10-11,CH-310,PH-040,B2177,12
2026-10-11,CH-006,PH-034,B1997,8
2026-10-11,CH-102,PH-061,B2813,11
2026-10-11,CH-051,PH-075,B3227,6
2026-10-11,CH-290,PH-037,B2070,1
2026-10-11,CH-326,PH-030,B1854,4
2026-10-11,CH-040,PH-037,B2094,12
2026-10-11,CH-184,PH-045,B2338,2
2026-10-11,CH-158,PH-047,B2374,5
2026-10-11,CH-235,PH-031,CS-7790,7
2026-10-11,CH-212,PH-018,B1533,7
2026-10-11,CH-366,PH-004,B2219,10
2026-10-11,CH-063,PH-038,B2130,14
2026-10-11,CH-099,PH-002,B1045,9
2026-10-11,CH-021,PH-058,B2740,7
2026-10-11,CH-364,PH-059,B2773,1
2026-10-11,CH-272,PH-056,B2658,3
2026-10-11,CH-268,PH-018,B1530,5
2026-10-11,CH-088,PH-018,B1533,8
2026-10-11,CH-341,PH-050,B2475,17
2026-10-11,CH-132,PH-004,B2219,14
2026-10-11,CH-180,PH-044,B2310,9
2026-10-11,CH-236,PH-074,B3206,6
2026-10-11,CH-348,PH-017,B1481,10
2026-10-11,CH-158,PH-027,B1764,10
2026-10-11,CH-187,PH-021,B1595,3
2026-10-11,CH-337,PH-055,B2632,1
2026-10-11,CH-381,PH-073,B3160,11
2026-10-11,CH-113,PH-057,B2683,8
2026-10-11,CH-119,PH-022,B1656,5
2026-10-11,CH-307,PH-053,B2585,3
2026-10-11,CH-193,PH-049,B2457,1
2026-10-11,CH-184,PH-019,B1560,1
2026-10-11,CH-167,PH-003,B1083,5
2026-10-11,CH-130,PH-001,P-5560,26
2026-10-11,CH-261,PH-001,P-5560,16
2026-10-11,CH-303,PH-060,B2782,6
2026-10-11,CH-327,PH-029,B1837,10
2026-10-11,CH-380,PH-016,B1474,9
2026-10-11,CH-053,PH-001,P-5560,20
2026-10-11,CH-152,PH-023,B1671,10
2026-10-11,CH-208,PH-054,B2605,6
2026-10-12,CH-216,PH-075,B3212,10
2026-10-12,CH-049,PH-004,B2219,7
2026-10-12,CH-156,PH-013,IG-3302,12
2026-10-12,CH-231,PH-053,B2568,9
2026-10-12,CH-335,PH-019,B1552,3
2026-10-12,CH-384,PH-045,B2338,2
2026-10-12,CH-334,PH-024,B1703,2
2026-10-12,CH-013,PH-012,B1334,6
2026-10-12,CH-044,PH-040,B2195,4
2026-10-12,CH-232,PH-004,B2219,6
2026-10-12,CH-324,PH-040,B2182,10
2026-10-12,CH-131,PH-057,B2700,5
2026-10-12,CH-263,PH-065,B2948,14
2026-10-12,CH-325,PH-034,B1997,9
2026-10-12,CH-328,PH-020,B1587,2
2026-10-12,CH-114,PH-051,B2508,17
2026-10-12,CH-223,PH-049,B2466,3
2026-10-12,CH-234,PH-054,B2605,3
2026-10-12,CH-099,PH-067,B2997,18
2026-10-12,HS-10,PH-010,B1281,5
2026-10-12,CH-084,PH-009,B1273,4
2026-10-12,CH-050,PH-055,B2632,3
2026-10-12,CH-029,PH-001,P-5560,16
2026-10-12,CH-218,PH-066,B2975,3
2026-10-12,CH-148,PH-001,P-5560,5
2026-10-12,CH-117,PH-021,B1609,4
2026-10-12,HS-08,PH-035,B2018,15
2026-10-12,CH-351,PH-065,B2938,13
2026-10-12,CH-214,PH-022,B1629,3
2026-10-12,CH-044,PH-011,B1331,4
2026-10-12,CH-044,PH-025,B1724,8
2026-10-12,CH-121,PH-001,P-5560,33
2026-10-12,CH-213,PH-001,P-5560,7
2026-10-12,CH-176,PH-042,B2234,2
2026-10-12,CH-192,PH-041,B2217,6
2026-10-12,CH-049,PH-048,B2399,8
2026-10-12,CH-145,PH-038,B2149,9
2026-10-12,CH-333,PH-038,B2114,6
2026-10-12,CH-157,PH-068,B3028,2
2026-10-12,CH-202,PH-008,B1227,1
2026-10-12,CH-147,PH-038,B2114,1
2026-10-12,CH-342,PH-030,B1847,3
2026-10-12,CH-183,PH-069,B3039,15
2026-10-12,HS-08,PH-032,B1910,1
2026-10-12,CH-045,PH-046,B2367,4
2026-10-12,CH-390,PH-014,B1399,4
2026-10-12,CH-198,PH-074,B3203,2
2026-10-12,CH-305,PH-017,B1481,9
2026-10-12,CH-140,PH-073,B3165,14
2026-10-12,CH-332,PH-060,B2806,1
2026-10-12,CH-343,PH-074,B3184,12
2026-10-12,CH-081,PH-044,B2295,11
2026-10-12,CH-043,PH-015,B1423,3
2026-10-12,CH-162,PH-061,B2813,11
2026-10-12,CH-122,PH-015,B1423,10
2026-10-12,CH-070,PH-050,B2491,13
2026-10-12,CH-017,PH-062,B2854,6
2026-10-12,CH-378,PH-029,B1837,1
2026-10-12,CH-017,PH-059,B2758,3
2026-10-12,CH-199,PH-036,B2045,15
2026-10-12,CH-011,PH-005,B1135,5
2026-10-12,CH-253,PH-026,B1750,16
2026-10-12,CH-279,PH-002,B1052,8
2026-10-12,CH-192,PH-071,B3118,3
2026-10-12,CH-305,PH-052,B2541,25
2026-10-12,CH-384,PH-047,B2386,4
2026-10-12,CH-380,PH-033,B1959,5
2026-10-12,CH-038,PH-023,B1690,5
2026-10-12,CH-347,PH-070,B3095,2
2026-10-12,CH-211,PH-039,B2158,18
2026-10-12,CH-013,PH-029,B1826,5
2026-10-12,CH-073,PH-043,VD-1201,19
2026-10-12,CH-047,PH-007,B1179,22
2026-10-12,CH-246,PH-064,B2925,2
2026-10-12,CH-275,PH-064,B2925,18
2026-10-12,CH-096,PH-058,B2719,7
2026-10-12,CH-398,PH-027,B1781,9
2026-10-12,CH-353,PH-016,B1454,9
2026-10-12,CH-002,PH-043,VD-1201,3
2026-10-12,CH-320,PH-007,B1179,16
2026-10-12,CH-263,PH-037,B2073,18
2026-10-12,CH-275,PH-003,B1092,4
2026-10-12,CH-146,PH-063,B2899,5
2026-10-12,CH-088,PH-018,B1533,15
2026-10-12,CH-301,PH-031,CS-7731,4
2026-10-12,HS-12,PH-028,B1810,6
2026-10-12,CH-061,PH-072,B3141,5
2026-10-13,CH-167,PH-026,B1750,14
2026-10-13,CH-195,PH-049,B2442,3
2026-10-13,CH-276,PH-072,B3155,4
2026-10-13,CH-200,PH-005,B1135,6
2026-10-13,CH-149,PH-009,B1273,8
2026-10-13,CH-192,PH-067,B2997,24
2026-10-13,HS-04,PH-003,B1092,5
2026-10-13,HS-19,PH-039,B2165,6
2026-10-13,CH-240,PH-039,B2168,7
2026-10-13,CH-042,PH-026,B1757,11
2026-10-13,CH-012,PH-035,B2006,12
2026-10-13,CH-187,PH-069,B3039,16
2026-10-13,CH-117,PH-006,B1168,2
2026-10-13,CH-249,PH-070,B3095,1
2026-10-13,CH-269,PH-075,B3227,10
2026-10-13,CH-034,PH-007,B1179,37
2026-10-13,CH-028,PH-027,B1764,9
2026-10-13,CH-052,PH-037,B2070,18
2026-10-13,CH-050,PH-040,B2177,20
2026-10-13,CH-034,PH-074,B3184,7
2026-10-13,CH-303,PH-004,B2219,6
2026-10-13,CH-153,PH-004,B2219,9
2026-10-13,CH-392,PH-038,B2114,8
2026-10-13,CH-185,PH-008,B1221,1
2026-10-13,HS-10,PH-068,B3025,3
2026-10-13,CH-081,PH-001,P-5560,2
2026-10-13,CH-259,PH-028,B1810,7
2026-10-13,CH-003,PH-036,B2042,19
2026-10-13,CH-120,PH-001,P-5560,30
2026-10-13,CH-366,PH-001,P-5560,9
2026-10-13,CH-056,PH-001,P-5560,15
2026-10-13,CH-049,PH-002,B1042,6
2026-10-13,CH-064,PH-050,B2475,13
2026-10-13,CH-129,PH-041,B2225,4
2026-10-13,CH-234,PH-073,B3165,6
2026-10-13,CH-205,PH-071,B3112,3
2026-10-13,CH-360,PH-073,B3177,9
2026-10-13,CH-050,PH-048,B2399,7
2026-10-13,CH-310,PH-058,B2719,6
2026-10-13,CH-079,PH-061,B2813,6
2026-10-13,CH-384,PH-064,B2925,9
2026-10-13,CH-026,PH-064,B2918,13
2026-10-13,CH-166,PH-045,B2338,3
2026-10-13,CH-053,PH-013,IG-3302,7
2026-10-13,CH-028,PH-051,B2508,18
2026-10-13,CH-282,PH-057,B2693,8
2026-10-13,CH-092,PH-034,B1997,10
2026-10-13,CH-046,PH-018,B1527,19
2026-10-13,CH-348,PH-018,B1527,6
2026-10-13,HS-10,PH-031,CS-7790,2
2026-10-13,CH-326,PH-042,B2244,6
2026-10-13,CH-223,PH-023,B1690,5
2026-10-13,CH-063,PH-032,B1910,1
2026-10-13,CH-360,PH-015,B1443,12
2026-10-13,CH-044,PH-029,B1837,9
2026-10-13,CH-238,PH-065,B2957,10
2026-10-13,CH-161,PH-065,B2957,13
2026-10-13,CH-212,PH-016,B1474,13
2026-10-13,HS-10,PH-012,B1355,14
2026-10-13,CH-144,PH-013,IG-3302,9
2026-10-13,CH-080,PH-017,B1499,14
2026-10-13,CH-120,PH-060,B2794,2
2026-10-13,CH-051,PH-044,B2305,9
2026-10-13,CH-041,PH-011,B1314,9
2026-10-13,CH-119,PH-053,B2585,2
2026-10-13,CH-031,PH-024,B1699,2
2026-10-13,CH-197,PH-052,B2547,14
2026-10-13,CH-282,PH-022,B1646,9
2026-10-13,CH-219,PH-020,B1587,2
2026-10-13,CH-284,PH-043,VD-1201,12
2026-10-13,CH-244,PH-014,B1410,7
2026-10-13,CH-029,PH-033,B1959,4
2026-10-13,CH-218,PH-052,B2561,11
2026-10-13,CH-078,PH-021,B1595,5
2026-10-13,CH-400,PH-010,B1277,13
2026-10-13,CH-147,PH-056,B2658,4
2026-10-13,CH-184,PH-054,B2622,4
2026-10-13,CH-201,PH-066,B2975,6
2026-10-13,CH-328,PH-063,B2899,7
2026-10-13,CH-124,PH-025,B1724,9
2026-10-13,CH-316,PH-062,B2874,3
2026-10-13,CH-355,PH-046,B2360,6
2026-10-13,HS-03,PH-030,B1854,3
2026-10-14,CH-215,PH-016,B1462,5
2026-10-14,CH-006,PH-015,B1443,10
2026-10-14,CH-235,PH-003,B1092,7
2026-10-14,CH-087,PH-071,B3118,3
2026-10-14,CH-094,PH-050,B2501,10
2026-10-14,CH-069,PH-061,B2841,8
2026-10-14,CH-386,PH-032,B1904,4
2026-10-14,HS-10,PH-039,B2165,17
2026-10-14,CH-259,PH-039,B2168,2
2026-10-14,CH-394,PH-026,B1737,1
2026-10-14,HS-18,PH-043,VD-1201,15
2026-10-14,CH-188,PH-026,B1750,13
2026-10-14,CH-278,PH-043,VD-1201,3
2026-10-14,CH-015,PH-026,B1737,8
2026-10-14,HS-09,PH-061,B2841,5
2026-10-14,HS-03,PH-072,B3150,8
2026-10-14,CH-239,PH-005,B1140,6
2026-10-14,CH-117,PH-006,B1168,1
2026-10-14,CH-180,PH-023,B1690,4
2026-10-14,CH-192,PH-029,B1831,11
2026-10-14,CH-257,PH-017,B1499,8
2026-10-14,CH-143,PH-004,B2219,5
2026-10-14,CH-039,PH-038,B2130,6
2026-10-14,CH-324,PH-056,B2665,2
2026-10-14,CH-049,PH-001,P-5560,13
2026-10-14,CH-356,PH-001,P-5560,33
2026-10-14,CH-395,PH-001,P-5560,5
2026-10-14,CH-297,PH-004,B2219,9
2026-10-14,CH-253,PH-022,B1646,1
2026-10-14,CH-209,PH-030,B1857,4
2026-10-14,CH-143,PH-021,B1595,4
2026-10-14,CH-338,PH-055,B2648,1
2026-10-14,CH-334,PH-054,B2622,5
2026-10-14,CH-011,PH-049,B2442,8
2026-10-14,CH-300,PH-046,B2360,6
2026-10-14,CH-338,PH-022,B1656,6
2026-10-14,CH-377,PH-060,B2806,1
2026-10-14,HS-16,PH-053,B2568,5
2026-10-14,CH-322,PH-027,B1773,8
2026-10-14,CH-121,PH-073,B3177,15
2026-10-14,HS-14,PH-002,B1052,2
2026-10-14,CH-344,PH-002,B1052,5
2026-10-14,CH-382,PH-059,B2758,1
2026-10-14,CH-272,PH-047,B2374,1
2026-10-14,CH-059,PH-044,B2305,11
2026-10-14,HS-18,PH-045,B2324,4
2026-10-14,CH-359,PH-074,B3206,5
2026-10-14,CH-360,PH-018,B1533,21
2026-10-14,CH-294,PH-037,B2073,21
2026-10-14,CH-228,PH-058,B2719,9
2026-10-14,CH-255,PH-057,B2700,16
2026-10-14,CH-242,PH-075,B3212,5
2026-10-14,CH-069,PH-019,B1560,1
2026-10-14,CH-235,PH-031,CS-7790,7
2026-10-14,CH-131,PH-036,B2055,14
2026-10-14,CH-213,PH-051,B2523,7
2026-10-14,CH-180,PH-035,B2033,10
2026-10-14,CH-366,PH-011,B1331,6
2026-10-14,CH-284,PH-048,B2430,9
2026-10-14,CH-100,PH-007,B1179,24
2026-10-14,CH-158,PH-007,B1179,19
2026-10-14,CH-219,PH-010,B1300,8
2026-10-14,CH-178,PH-070,B3103,3
2026-10-14,CH-169,PH-064,B2918,14
2026-10-14,CH-356,PH-068,B3015,4
2026-10-14,HS-08,PH-063,B2891,4
2026-10-14,CH-049,PH-013,IG-3302,12
2026-10-14,CH-120,PH-069,B3058,4
2026-10-14,CH-044,PH-024,B1703,4
2026-10-14,CH-333,PH-065,B2938,1
2026-10-14,CH-014,PH-012,B1355,6
2026-10-14,CH-058,PH-040,B2177,16
2026-10-14,CH-196,PH-065,B2948,17
2026-10-14,CH-185,PH-065,B2938,12
2026-10-14,CH-313,PH-028,B1796,7
2026-10-14,CH-040,PH-008,B1247,1
2026-10-14,CH-100,PH-066,B2964,8
2026-10-14,CH-298,PH-034,B1997,12
2026-10-14,CH-075,PH-009,B1269,4
2026-10-14,HS-10,PH-067,B2997,23
2026-10-14,CH-007,PH-051,B2519,8
2026-10-14,CH-002,PH-052,B2541,15
2026-10-14,CH-001,PH-025,B1716,9
2026-10-14,CH-196,PH-041,B2217,8
2026-10-14,CH-195,PH-033,B1931,3
2026-10-14,CH-120,PH-014,B1405,2
2026-10-14,CH-019,PH-042,B2234,2
2026-10-14,CH-007,PH-052,B2547,15
2026-10-15,CH-325,PH-047,B2386,2
2026-10-15,CH-248,PH-004,B2219,12
2026-10-15,CH-383,PH-065,B2948,1
2026-10-15,CH-112,PH-031,CS-7731,4
2026-10-15,HS-03,PH-074,B3203,5
2026-10-15,HS-08,PH-065,B2948,19
2026-10-15,CH-018,PH-052,B2541,21
2026-10-15,CH-153,PH-001,P-5560,20
2026-10-15,CH-314,PH-044,B2305,11
2026-10-15,CH-150,PH-001,P-5560,18
2026-10-15,CH-098,PH-004,B2219,11
2026-10-15,CH-310,PH-001,P-5560,5
2026-10-15,CH-100,PH-028,B1791,3
2026-10-15,CH-276,PH-029,B1837,12
2026-10-15,CH-306,PH-056,B2658,2
2026-10-15,CH-240,PH-010,B1300,5
2026-10-15,CH-302,PH-042,B2250,2
2026-10-15,CH-154,PH-035,B2033,18
2026-10-15,CH-395,PH-019,B1560,3
2026-10-15,CH-035,PH-027,B1764,12
2026-10-15,CH-268,PH-034,B1981,9
2026-10-15,CH-227,PH-053,B2576,6
2026-10-15,HS-13,PH-022,B1656,3
2026-10-15,CH-219,PH-075,B3237,6
2026-10-15,CH-070,PH-048,B2414,5
2026-10-15,CH-196,PH-049,B2457,6
2026-10-15,HS-12,PH-068,B3028,5
2026-10-15,CH-331,PH-057,B2683,4
2026-10-15,CH-135,PH-011,B1314,5
2026-10-15,CH-394,PH-058,B2719,8
2026-10-15,CH-328,PH-066,B2975,8
2026-10-15,CH-318,PH-020,B1570,3
2026-10-15,CH-206,PH-041,B2204,3
2026-10-15,CH-375,PH-037,B2070,4
2026-10-15,CH-267,PH-037,B2070,9
2026-10-15,CH-266,PH-010,B1281,5
2026-10-15,CH-283,PH-001,P-5560,14
2026-10-15,CH-268,PH-018,B1530,20
2026-10-15,CH-026,PH-025,B1716,10
2026-10-15,CH-230,PH-017,B1488,4
2026-10-15,CH-124,PH-026,B1757,14
2026-10-15,CH-382,PH-067,B2981,19
2026-10-15,CH-067,PH-007,B1179,14
2026-10-15,CH-325,PH-007,B1207,27
2026-10-15,CH-392,PH-061,B2813,7
2026-10-15,CH-057,PH-063,B2891,5
2026-10-15,CH-264,PH-005,B1140,7
2026-10-15,CH-186,PH-054,B2622,4
2026-10-15,CH-310,PH-072,B3141,3
2026-10-15,CH-109,PH-061,B2813,6
2026-10-15,CH-184,PH-043,VD-1201,19
2026-10-15,CH-029,PH-033,B1959,5
2026-10-15,CH-089,PH-046,B2360,1
2026-10-15,CH-357,PH-051,B2523,18
2026-10-15,CH-099,PH-014,B1405,1
2026-10-15,CH-109,PH-006,B1160,1
2026-10-15,CH-190,PH-071,B3112,5
2026-10-15,CH-087,PH-015,B1430,10
2026-10-15,CH-352,PH-062,B2854,12
2026-10-15,CH-242,PH-036,B2042,9
2026-10-15,CH-399,PH-036,B2042,7
2026-10-15,CH-250,PH-059,B2758,2
2026-10-15,CH-339,PH-021,B1595,3
2026-10-15,CH-038,PH-023,B1690,7
2026-10-15,CH-303,PH-070,B3087,1
2026-10-15,CH-270,PH-040,B2182,8
2026-10-15,CH-292,PH-040,B2195,9
2026-10-15,CH-362,PH-002,B1052,7
2026-10-15,CH-188,PH-017,B1488,13
2026-10-15,CH-016,PH-038,B2114,7
2026-10-15,HS-09,PH-073,B3177,8
2026-10-15,CH-078,PH-012,B1334,6
2026-10-15,CH-032,PH-024,B1695,6
2026-10-15,CH-088,PH-050,B2501,7
2026-10-15,CH-340,PH-060,B2794,1
2026-10-15,CH-192,PH-009,B1269,1
2026-10-15,CH-229,PH-039,B2165,15
2026-10-15,CH-251,PH-016,B1454,3
2026-10-15,CH-320,PH-030,B1847,2
2026-10-15,CH-053,PH-003,B1064,2
2026-10-15,CH-229,PH-013,IG-3302,18
2026-10-15,CH-399,PH-021,B1595,6
2026-10-15,CH-279,PH-032,B1922,5
2026-10-15,CH-330,PH-064,B2925,15
2026-10-15,CH-206,PH-069,B3039,11
2026-10-16,CH-083,PH-067,B3007,11
2026-10-16,CH-366,PH-053,B2585,7
2026-10-16,CH-018,PH-041,B2204,5
2026-10-16,CH-010,PH-046,B2367,3
2026-10-16,CH-119,PH-067,B3007,5
2026-10-16,CH-381,PH-067,B2981,6
2026-10-16,CH-370,PH-054,B2622,3
2026-10-16,CH-157,PH-066,B2975,4
2026-10-16,CH-397,PH-055,B2648,1
2026-10-16,CH-028,PH-051,B2508,14
2026-10-16,CH-032,PH-052,B2541,7
2026-10-16,CH-149,PH-038,B2149,11
2026-10-16,CH-201,PH-062,B2874,6
2026-10-16,CH-022,PH-052,B2541,16
2026-10-16,HS-13,PH-061,B2841,9
2026-10-16,CH-072,PH-052,B2561,4
2026-10-16,CH-346,PH-071,B3134,6
2026-10-16,HS-12,PH-043,VD-1201,5
2026-10-16,CH-116,PH-043,VD-1201,12
2026-10-16,CH-236,PH-072,B3155,7
2026-10-16,HS-06,PH-063,B2891,8
2026-10-16,CH-217,PH-070,B3103,3
2026-10-16,CH-065,PH-039,B2158,11
2026-10-16,HS-13,PH-039,B2168,7
2026-10-16,CH-300,PH-064,B2918,14
2026-10-16,CH-071,PH-050,B2475,1
2026-10-16,CH-024,PH-056,B2665,2
2026-10-16,CH-178,PH-050,B2501,12
2026-10-16,HS-02,PH-060,B2794,1
2026-10-16,CH-388,PH-073,B3165,17
2026-10-16,CH-109,PH-059,B2758,2
2026-10-16,CH-080,PH-040,B2195,21
2026-10-16,CH-268,PH-068,B3025,10
2026-10-16,CH-073,PH-065,B2938,24
2026-10-16,CH-303,PH-074,B3184,7
2026-10-16,CH-371,PH-058,B2719,10
2026-10-16,CH-309,PH-057,B2700,5
2026-10-16,CH-241,PH-048,B2399,8
2026-10-16,CH-098,PH-075,B3212,3
2026-10-16,CH-162,PH-049,B2442,4
2026-10-16,CH-392,PH-042,B2234,2
2026-10-16,CH-353,PH-004,B2219,13
2026-10-16,CH-036,PH-069,B3069,11
2026-10-16,CH-367,PH-044,B2305,17
2026-10-16,CH-190,PH-004,B2219,9
2026-10-16,CH-112,PH-035,B2006,14
2026-10-16,CH-261,PH-005,B1135,7
2026-10-16,CH-159,PH-037,B2094,25
2026-10-16,CH-119,PH-014,B1410,5
2026-10-16,CH-203,PH-011,B1331,6
2026-10-16,CH-345,PH-015,B1423,15
2026-10-16,CH-370,PH-016,B1474,10
2026-10-16,CH-364,PH-036,B2055,17
2026-10-16,CH-060,PH-010,B1277,5
2026-10-16,CH-251,PH-017,B1481,11
2026-10-16,CH-059,PH-017,B1488,3
2026-10-16,CH-314,PH-018,B1530,16
2026-10-16,CH-274,PH-028,B1810,4
2026-10-16,CH-009,PH-007,B1197,3
2026-10-16,CH-128,PH-009,B1269,7
2026-10-16,CH-055,PH-003,B1083,5
2026-10-16,CH-242,PH-019,B1540,1
2026-10-16,HS-12,PH-020,B1587,3
2026-10-16,CH-183,PH-026,B1737,11
2026-10-16,CH-124,PH-026,B1757,15
2026-10-16,CH-122,PH-025,B1710,10
2026-10-16,CH-034,PH-032,B1904,2
2026-10-16,CH-364,PH-006,B1171,1
2026-10-16,CH-360,PH-002,B1052,6
2026-10-16,CH-142,PH-013,IG-3302,19
2026-10-16,CH-341,PH-031,CS-7731,3
2026-10-16,CH-232,PH-033,B1931,3
2026-10-16,CH-067,PH-027,B1764,7
2026-10-16,CH-012,PH-022,B1629,3
2026-10-16,CH-111,PH-034,B1981,8
2026-10-16,CH-352,PH-008,B1221,2
2026-10-16,HS-08,PH-021,B1609,6
2026-10-16,HS-19,PH-023,B1676,8
2026-10-16,HS-07,PH-029,B1831,12
2026-10-16,CH-130,PH-007,B1207,28
2026-10-16,HS-08,PH-012,B1355,11
2026-10-16,CH-294,PH-001,P-5560,8
2026-10-16,CH-295,PH-001,P-5560,32
2026-10-16,CH-170,PH-001,P-5560,2
2026-10-16,CH-172,PH-001,P-5560,28
2026-10-17,CH-359,PH-073,B3177,17
2026-10-17,CH-081,PH-075,B3212,9
2026-10-17,CH-138,PH-068,B3025,5
2026-10-17,CH-083,PH-034,B1997,13
2026-10-17,CH-274,PH-042,B2250,6
2026-10-17,CH-142,PH-015,B1430,2
2026-10-17,CH-372,PH-015,B1423,11
2026-10-17,CH-322,PH-056,B2665,2
2026-10-17,CH-192,PH-066,B2967,9
2026-10-17,CH-186,PH-021,B1622,6
2026-10-17,CH-357,PH-011,B1331,6
2026-10-17,CH-056,PH-027,B1764,8
2026-10-17,HS-15,PH-073,B3165,2
2026-10-17,CH-336,PH-062,B2854,5
2026-10-17,CH-074,PH-045,B2324,1
2026-10-17,CH-334,PH-010,B1300,11
2026-10-17,CH-152,PH-069,B3039,13
2026-10-17,CH-321,PH-048,B2430,5
2026-10-17,CH-233,PH-022,B1629,2
2026-10-17,HS-18,PH-050,B2491,7
2026-10-17,CH-344,PH-033,B1959,2
2026-10-17,CH-314,PH-038,B2130,7
2026-10-17,CH-049,PH-053,B2568,5
2026-10-17,CH-395,PH-008,B1247,3
2026-10-17,CH-163,PH-057,B2693,12
2026-10-17,CH-261,PH-009,B1255,1
2026-10-17,HS-15,PH-061,B2827,13
2026-10-17,CH-211,PH-065,B2938,17
2026-10-17,CH-058,PH-012,B1334,5
2026-10-17,CH-004,PH-040,B2182,14
2026-10-17,CH-252,PH-040,B2195,5
2026-10-17,CH-386,PH-017,B1481,11
2026-10-17,CH-340,PH-060,B2794,2
2026-10-17,CH-305,PH-030,B1847,2
2026-10-17,CH-373,PH-072,B3141,12
2026-10-17,CH-112,PH-059,B2758,3
2026-10-17,CH-225,PH-067,B3007,23
2026-10-17,CH-295,PH-009,B1255,8
2026-10-17,CH-235,PH-036,B2055,21
2026-10-17,CH-296,PH-018,B1533,23
2026-10-17,CH-063,PH-058,B2726,9
2026-10-17,CH-024,PH-028,B1796,5
2026-10-17,CH-014,PH-046,B2360,7
2026-10-17,CH-346,PH-035,B2033,16
2026-10-17,CH-211,PH-049,B2442,6
2026-10-17,CH-001,PH-041,B2217,7
2026-10-17,CH-383,PH-003,B1083,2
2026-10-17,CH-258,PH-016,B1474,11
2026-10-17,CH-306,PH-039,B2158,1
2026-10-17,CH-334,PH-012,B1366,4
2026-10-17,CH-300,PH-039,B2165,8
2026-10-17,CH-107,PH-054,B2593,4
2026-10-17,CH-396,PH-023,B1676,9
2026-10-17,CH-310,PH-037,B2070,21
2026-10-17,CH-009,PH-052,B2547,32
2026-10-17,CH-339,PH-032,B1904,1
2026-10-17,CH-267,PH-074,B3184,5
2026-10-17,CH-076,PH-001,P-5560,35
2026-10-17,CH-208,PH-002,B1045,8
2026-10-17,CH-299,PH-005,B1144,3
2026-10-17,CH-026,PH-025,B1716,1
2026-10-17,HS-07,PH-071,B3118,3
2026-10-17,CH-214,PH-025,B1710,9
2026-10-17,CH-215,PH-064,B2918,18
2026-10-17,CH-328,PH-070,B3103,3
2026-10-17,CH-375,PH-013,IG-3302,12
2026-10-17,CH-251,PH-024,B1695,3
2026-10-17,CH-049,PH-001,P-5560,20
2026-10-17,CH-394,PH-007,B1179,16
2026-10-17,CH-034,PH-047,B2374,1
2026-10-17,CH-158,PH-007,B1179,7
2026-10-17,CH-299,PH-043,VD-1201,17
2026-10-17,CH-317,PH-014,B1405,3
2026-10-17,CH-077,PH-026,B1750,24
2026-10-17,CH-051,PH-007,B1197,19
2026-10-17,CH-382,PH-063,B2878,3
2026-10-17,CH-362,PH-051,B2523,18
2026-10-17,CH-357,PH-044,B2310,11
2026-10-17,CH-340,PH-007,B1197,5
2026-10-17,CH-392,PH-001,P-5560,17
2026-10-17,CH-315,PH-029,B1826,7
2026-10-17,CH-109,PH-023,B1671,3
2026-10-17,CH-182,PH-031,CS-7790,3
2026-10-18,CH-241,PH-041,B2204,8
2026-10-18,CH-255,PH-049,B2466,6
2026-10-18,CH-087,PH-044,B2305,16
2026-10-18,CH-078,PH-070,B3087,3
2026-10-18,CH-247,PH-035,B2018,18
2026-10-18,CH-291,PH-059,B2758,4
2026-10-18,CH-280,PH-026,B1737,20
2026-10-18,CH-281,PH-051,B2523,15
2026-10-18,CH-039,PH-025,B1716,9
2026-10-18,HS-11,PH-058,B2740,14
2026-10-18,CH-028,PH-018,B1527,7
2026-10-18,CH-229,PH-018,B1530,6
2026-10-18,CH-021,PH-017,B1499,10
2026-10-18,CH-025,PH-007,B1179,2
2026-10-18,CH-254,PH-007,B1207,28
2026-10-18,CH-317,PH-003,B1083,2
2026-10-18,CH-212,PH-067,B3007,17
2026-10-18,CH-057,PH-012,B1355,7
2026-10-18,CH-015,PH-009,B1255,5
2026-10-18,CH-279,PH-019,B1560,2
2026-10-18,CH-162,PH-006,B1160,2
2026-10-18,CH-179,PH-023,B1671,7
2026-10-18,CH-119,PH-050,B2501,13
2026-10-18,CH-140,PH-033,B1948,1
2026-10-18,CH-041,PH-053,B2576,7
2026-10-18,CH-086,PH-038,B2114,11
2026-10-18,CH-172,PH-022,B1656,8
2026-10-18,CH-270,PH-069,B3058,12
2026-10-18,CH-130,PH-043,VD-1201,21
2026-10-18,CH-014,PH-054,B2605,10
2026-10-18,CH-219,PH-054,B2622,2
2026-10-18,CH-299,PH-031,CS-7790,4
2026-10-18,CH-215,PH-055,B2642,2
2026-10-18,CH-054,PH-052,B2561,21
2026-10-18,CH-134,PH-052,B2547,11
2026-10-18,CH-226,PH-021,B1622,8
2026-10-18,CH-296,PH-071,B3134,5
2026-10-18,CH-249,PH-027,B1773,10
2026-10-18,CH-164,PH-024,B1703,5
2026-10-18,CH-204,PH-001,P-5560,16
2026-10-18,CH-190,PH-057,B2683,9
2026-10-18,CH-198,PH-001,P-5560,26
2026-10-18,CH-159,PH-073,B3177,16
2026-10-18,CH-110,PH-075,B3212,6
2026-10-18,CH-257,PH-032,B1922,1
2026-10-18,CH-077,PH-008,B1227,2
2026-10-18,CH-064,PH-020,B1570,3
2026-10-18,CH-373,PH-068,B3015,5
2026-10-18,CH-278,PH-056,B2658,1
2026-10-18,CH-148,PH-034,B1977,9
2026-10-18,CH-280,PH-002,B1042,3
2026-10-18,CH-013,PH-074,B3184,7
2026-10-18,CH-090,PH-001,P-5560,15
2026-10-18,CH-386,PH-010,B1277,14
2026-10-18,CH-379,PH-042,B2234,6
2026-10-18,CH-226,PH-047,B2386,1
2026-10-18,CH-375,PH-066,B2964,8
2026-10-18,HS-02,PH-013,IG-3302,15
2026-10-18,CH-081,PH-065,B2938,16
2026-10-18,CH-157,PH-005,B1144,4
2026-10-18,CH-014,PH-013,IG-3302,3
2026-10-18,CH-155,PH-046,B2367,3
2026-10-18,CH-034,PH-039,B2158,3
2026-10-18,CH-137,PH-028,B1796,5
2026-10-18,CH-327,PH-036,B2055,13
2026-10-18,CH-279,PH-015,B1443,8
2026-10-18,CH-244,PH-048,B2430,4
2026-10-18,CH-112,PH-015,B1423,6
2026-10-18,CH-281,PH-029,B1837,13
2026-10-18,CH-255,PH-062,B2874,3
2026-10-18,CH-057,PH-036,B2045,16
2026-10-18,CH-373,PH-039,B2158,13
2026-10-18,CH-039,PH-072,B3150,11
2026-10-18,CH-105,PH-016,B1462,3
2026-10-18,CH-184,PH-037,B2094,11
2026-10-18,CH-201,PH-061,B2841,6
2026-10-18,CH-145,PH-065,B2957,17
2026-10-18,CH-282,PH-040,B2182,5
2026-10-18,CH-084,PH-016,B1474,6
2026-10-18,CH-377,PH-060,B2806,4
2026-10-18,CH-192,PH-063,B2891,11
2026-10-18,CH-208,PH-011,B1314,7
2026-10-18,CH-369,PH-014,B1405,9
2026-10-18,CH-381,PH-064,B2907,11
2026-10-19,CH-264,PH-075,B3227,8
2026-10-19,HS-16,PH-027,B1764,12
2026-10-19,CH-310,PH-065,B2938,17
2026-10-19,CH-349,PH-042,B2234,6
2026-10-19,CH-371,PH-019,B1540,1
2026-10-19,CH-343,PH-032,B1904,1
2026-10-19,CH-259,PH-025,B1724,4
2026-10-19,CH-045,PH-008,B1247,2
2026-10-19,CH-173,PH-073,B3165,17
2026-10-19,CH-170,PH-020,B1579,2
2026-10-19,CH-229,PH-068,B3025,3
2026-10-19,CH-105,PH-015,B1430,14
2026-10-19,CH-199,PH-034,B1981,9
2026-10-19,CH-136,PH-066,B2964,5
2026-10-19,CH-379,PH-070,B3087,1
2026-10-19,CH-050,PH-013,IG-3302,12
2026-10-19,CH-103,PH-056,B2680,2
2026-10-19,HS-04,PH-064,B2925,10
2026-10-19,CH-206,PH-034,B1977,1
2026-10-19,CH-353,PH-001,P-5560,23
2026-10-19,CH-160,PH-021,B1609,2
2026-10-19,CH-076,PH-052,B2547,20
2026-10-19,CH-094,PH-031,CS-7790,7
2026-10-19,CH-392,PH-071,B3112,2
2026-10-19,CH-085,PH-063,B2891,9
2026-10-19,CH-164,PH-037,B2094,21
2026-10-19,CH-184,PH-043,VD-1201,9
2026-10-19,CH-399,PH-043,VD-1201,10
2026-10-19,CH-385,PH-050,B2475,3
2026-10-19,CH-083,PH-050,B2501,11
2026-10-19,CH-018,PH-023,B1671,5
2026-10-19,CH-083,PH-014,B1410,6
2026-10-19,CH-098,PH-074,B3184,10
2026-10-19,CH-318,PH-039,B2158,9
2026-10-19,CH-387,PH-039,B2165,10
2026-10-19,CH-239,PH-065,B2948,3
2026-10-19,CH-395,PH-033,B1959,3
2026-10-19,CH-074,PH-002,B1045,7
2026-10-19,CH-100,PH-007,B1179,4
2026-10-19,CH-236,PH-022,B1656,3
2026-10-19,CH-261,PH-028,B1791,6
2026-10-19,CH-285,PH-038,B2130,8
2026-10-19,CH-020,PH-007,B1207,27
2026-10-19,CH-004,PH-069,B3058,4
2026-10-19,CH-036,PH-069,B3069,12
2026-10-19,CH-024,PH-048,B2414,7
2026-10-19,CH-256,PH-047,B2383,2
2026-10-19,CH-216,PH-054,B2593,6
2026-10-19,HS-14,PH-024,B1703,3
2026-10-19,CH-273,PH-055,B2642,2
2026-10-19,CH-352,PH-011,B1310,9
2026-10-19,CH-100,PH-053,B2568,5
2026-10-19,CH-025,PH-062,B2854,4
2026-10-19,CH-310,PH-049,B2442,4
2026-10-19,CH-028,PH-057,B2683,13
2026-10-19,CH-366,PH-012,B1366,10
2026-10-19,CH-222,PH-035,B2018,11
2026-10-19,CH-159,PH-051,B2523,14
2026-10-19,CH-016,PH-029,B1826,11
2026-10-19,CH-034,PH-058,B2719,10
2026-10-19,CH-334,PH-058,B2740,1
2026-10-19,CH-383,PH-018,B1530,4
2026-10-19,CH-034,PH-018,B1527,6
2026-10-19,CH-368,PH-036,B2042,11
2026-10-19,CH-053,PH-005,B1135,11
2026-10-19,CH-115,PH-044,B2310,21
2026-10-19,CH-001,PH-067,B2997,1
2026-10-19,CH-336,PH-067,B2981,26
2026-10-19,CH-149,PH-072,B3155,8
2026-10-19,CH-295,PH-004,B2231,26
2026-10-19,CH-332,PH-030,B1857,3
2026-10-19,CH-259,PH-060,B2806,6
2026-10-19,HS-19,PH-003,B1083,4
2026-10-19,CH-094,PH-017,B1499,12
2026-10-19,CH-248,PH-001,P-5560,2
2026-10-19,CH-102,PH-040,B2177,21
2026-10-19,CH-201,PH-001,P-5560,17
2026-10-19,CH-387,PH-010,B1281,7
2026-10-19,CH-366,PH-046,B2367,4
2026-10-19,HS-10,PH-041,B2217,1
2026-10-19,CH-061,PH-052,B2541,7
2026-10-19,CH-110,PH-061,B2813,12
2026-10-19,CH-383,PH-016,B1462,13
2026-10-19,CH-106,PH-009,B1273,7
2026-10-19,CH-329,PH-026,B1737,26
2026-10-20,CH-174,PH-014,B1405,4
2026-10-20,CH-160,PH-064,B2918,20
2026-10-20,CH-348,PH-037,B2070,14
2026-10-20,CH-361,PH-030,B1854,3
2026-10-20,CH-269,PH-001,P-5560,38
2026-10-20,CH-156,PH-059,B2761,3
2026-10-20,CH-138,PH-008,B1227,1
2026-10-20,CH-178,PH-033,B1959,2
2026-10-20,CH-393,PH-052,B2547,27
2026-10-20,CH-092,PH-053,B2585,7
2026-10-20,CH-352,PH-001,P-5560,14
2026-10-20,CH-302,PH-012,B1366,2
2026-10-20,CH-076,PH-002,B1045,6
2026-10-20,CH-036,PH-073,B3177,16
2026-10-20,CH-286,PH-028,B1810,8
2026-10-20,CH-076,PH-022,B1646,8
2026-10-20,CH-308,PH-067,B3007,12
2026-10-20,CH-009,PH-068,B3025,1
2026-10-20,CH-228,PH-044,B2295,15
2026-10-20,CH-288,PH-060,B2794,2
2026-10-20,CH-252,PH-039,B2168,11
2026-10-20,CH-116,PH-074,B3206,5
2026-10-20,CH-139,PH-007,B1197,23
2026-10-20,CH-347,PH-052,B2547,1
2026-10-20,CH-352,PH-010,B1277,3
2026-10-20,CH-308,PH-065,B2957,12
2026-10-20,CH-015,PH-010,B1277,5
2026-10-20,CH-110,PH-071,B3112,6
2026-10-20,CH-140,PH-050,B2491,1
2026-10-20,CH-099,PH-031,CS-7790,5
2026-10-20,CH-164,PH-057,B2700,7
2026-10-20,CH-101,PH-046,B2352,5
2026-10-20,CH-283,PH-063,B2899,1
2026-10-20,CH-327,PH-075,B3237,14
2026-10-20,CH-196,PH-040,B2182,5
2026-10-20,CH-015,PH-043,VD-1201,4
2026-10-20,CH-284,PH-043,VD-1201,15
2026-10-20,CH-130,PH-019,B1560,1
2026-10-20,CH-280,PH-047,B2374,5
2026-10-20,CH-109,PH-065,B2938,21
2026-10-20,CH-301,PH-050,B2475,11
2026-10-20,CH-320,PH-017,B1481,9
2026-10-20,CH-071,PH-001,P-5560,5
2026-10-20,CH-236,PH-007,B1207,15
2026-10-20,CH-150,PH-023,B1690,9
2026-10-20,CH-006,PH-040,B2195,16
2026-10-20,CH-124,PH-069,B3069,14
2026-10-20,CH-279,PH-067,B3007,5
2026-10-20,CH-219,PH-026,B1757,21
2026-10-20,CH-218,PH-011,B1331,4
2026-10-20,CH-190,PH-009,B1255,5
2026-10-20,CH-301,PH-006,B1160,1
2026-10-20,CH-320,PH-018,B1527,24
2026-10-20,CH-112,PH-020,B1570,3
2026-10-20,CH-326,PH-072,B3150,6
2026-10-20,CH-338,PH-027,B1781,11
2026-10-20,CH-253,PH-042,B2244,6
2026-10-20,CH-218,PH-025,B1724,9
2026-10-20,CH-122,PH-029,B1826,8
2026-10-20,CH-301,PH-013,IG-3302,1
2026-10-20,CH-310,PH-048,B2399,4
2026-10-20,CH-258,PH-070,B3103,4
2026-10-20,CH-206,PH-051,B2508,24
2026-10-20,CH-184,PH-034,B1997,9
2026-10-20,CH-347,PH-013,IG-3302,10
2026-10-20,CH-380,PH-041,B2225,4
2026-10-20,CH-322,PH-015,B1430,12
2026-10-20,CH-382,PH-068,B3015,5
2026-10-20,CH-060,PH-056,B2658,2
2026-10-20,CH-359,PH-016,B1474,9
2026-10-20,CH-359,PH-049,B2466,3
2026-10-20,CH-334,PH-035,B2033,19
2026-10-20,CH-289,PH-058,B2726,11
2026-10-20,CH-179,PH-036,B2042,6
2026-10-20,HS-01,PH-021,B1595,6
2026-10-20,HS-12,PH-036,B2055,19
2026-10-20,CH-271,PH-029,B1831,3
2026-10-20,CH-156,PH-062,B2864,6
2026-10-20,CH-082,PH-038,B2149,9
2026-10-20,CH-056,PH-066,B2964,5
2026-10-20,CH-362,PH-061,B2841,7
2026-10-20,CH-254,PH-054,B2622,2
2026-10-20,CH-355,PH-003,B1083,3
2026-10-20,CH-229,PH-045,B2324,2
2026-10-20,CH-128,PH-005,B1140,1
2026-10-20,CH-256,PH-005,B1140,8
2026-10-20,CH-036,PH-024,B1703,7
2026-10-21,CH-166,PH-024,B1703,2
2026-10-21,CH-106,PH-044,B2310,12
2026-10-21,CH-204,PH-051,B2519,14
2026-10-21,CH-058,PH-070,B3087,4
2026-10-21,CH-069,PH-047,B2386,2
2026-10-21,CH-376,PH-025,B1716,6
2026-10-21,CH-041,PH-064,B2918,13
2026-10-21,CH-195,PH-001,P-5560,34
2026-10-21,CH-244,PH-013,IG-3302,11
2026-10-21,CH-278,PH-037,B2070,4
2026-10-21,CH-319,PH-001,P-5560,31
2026-10-21,CH-198,PH-007,B1197,27
2026-10-21,CH-231,PH-007,B1179,7
2026-10-21,CH-231,PH-031,CS-7731,8
2026-10-21,CH-274,PH-013,IG-3302,7
2026-10-21,CH-347,PH-026,B1750,2
2026-10-21,CH-205,PH-037,B2070,19
2026-10-21,CH-308,PH-026,B1757,16
2026-10-21,CH-283,PH-032,B1922,3
2026-10-21,CH-201,PH-002,B1052,2
2026-10-21,CH-187,PH-065,B2938,24
2026-10-21,CH-391,PH-010,B1300,8
2026-10-21,CH-081,PH-049,B2442,5
2026-10-21,CH-012,PH-056,B2658,2
2026-10-21,CH-252,PH-052,B2561,9
2026-10-21,CH-025,PH-068,B3015,8
2026-10-21,CH-350,PH-015,B1430,11
2026-10-21,CH-268,PH-048,B2414,4
2026-10-21,CH-358,PH-066,B2975,4
2026-10-21,CH-116,PH-075,B3237,6
2026-10-21,CH-222,PH-008,B1227,2
2026-10-21,CH-370,PH-046,B2367,3
2026-10-21,CH-089,PH-019,B1552,4
2026-10-21,CH-306,PH-012,B1334,2
2026-10-21,CH-152,PH-061,B2813,10
2026-10-21,CH-278,PH-057,B2683,5
2026-10-21,CH-177,PH-012,B1366,5
2026-10-21,CH-312,PH-009,B1255,5
2026-10-21,CH-362,PH-041,B2225,8
2026-10-21,CH-256,PH-016,B1462,6
2026-10-21,CH-399,PH-040,B2177,19
2026-10-21,CH-315,PH-003,B1064,4
2026-10-21,CH-287,PH-017,B1488,11
2026-10-21,CH-028,PH-059,B2758,5
2026-10-21,CH-319,PH-030,B1847,6
2026-10-21,HS-11,PH-067,B3007,5
2026-10-21,CH-283,PH-034,B1997,8
2026-10-21,CH-351,PH-067,B2981,7
2026-10-21,CH-241,PH-058,B2719,10
2026-10-21,CH-011,PH-036,B2042,13
2026-10-21,CH-017,PH-018,B1527,19
2026-10-21,CH-279,PH-072,B3155,9
2026-10-21,CH-364,PH-005,B1144,7
2026-10-21,CH-209,PH-035,B2033,13
2026-10-21,CH-324,PH-030,B1854,1
2026-10-21,CH-186,PH-027,B1781,6
2026-10-21,CH-240,PH-054,B2622,3
2026-10-21,CH-036,PH-029,B1837,12
2026-10-21,CH-021,PH-074,B3206,1
2026-10-21,CH-098,PH-074,B3184,6
2026-10-21,CH-046,PH-033,B1931,7
2026-10-21,CH-360,PH-023,B1690,5
2026-10-21,CH-394,PH-039,B2158,18
2026-10-21,CH-140,PH-042,B2244,2
2026-10-21,CH-164,PH-053,B2585,5
2026-10-21,CH-349,PH-071,B3112,2
2026-10-21,CH-035,PH-043,VD-1201,10
2026-10-21,CH-124,PH-043,VD-1201,5
2026-10-21,CH-009,PH-073,B3165,19
2026-10-21,CH-169,PH-022,B1646,4
2026-10-21,CH-125,PH-028,B1791,6
2026-10-21,CH-017,PH-069,B3039,22
2026-10-21,CH-214,PH-063,B2878,8
2026-10-21,CH-171,PH-062,B2874,7
2026-10-21,CH-228,PH-038,B2114,10
2026-10-21,CH-356,PH-050,B2475,16
2026-10-21,CH-247,PH-045,B2324,2
2026-10-21,CH-055,PH-052,B2547,26
2026-10-21,CH-287,PH-021,B1609,5
2026-10-21,CH-343,PH-011,B1310,9
2026-10-21,CH-128,PH-055,B2642,2
2026-10-21,CH-385,PH-052,B2541,5
2026-10-21,CH-209,PH-043,VD-1201,5
2026-10-21,CH-025,PH-014,B1399,2
2026-10-22,CH-041,PH-003,B1083,4
2026-10-22,CH-351,PH-050,B2475,13
2026-10-22,CH-338,PH-072,B3155,3
2026-10-22,CH-158,PH-027,B1764,5
2026-10-22,CH-345,PH-072,B3141,5
2026-10-22,CH-114,PH-071,B3112,6
2026-10-22,CH-029,PH-073,B3177,15
2026-10-22,CH-269,PH-046,B2360,5
2026-10-22,CH-169,PH-047,B2383,3
2026-10-22,CH-020,PH-048,B2430,8
2026-10-22,HS-06,PH-026,B1750,18
2026-10-22,CH-089,PH-006,B1168,1
2026-10-22,CH-065,PH-045,B2318,2
2026-10-22,CH-027,PH-049,B2466,5
2026-10-22,CH-225,PH-005,B1144,5
2026-10-22,CH-239,PH-028,B1796,12
2026-10-22,CH-249,PH-012,B1355,8
2026-10-22,CH-049,PH-025,B1710,9
2026-10-22,CH-027,PH-057,B2700,5
2026-10-22,CH-313,PH-019,B1552,5
2026-10-22,CH-088,PH-011,B1331,5
2026-10-22,CH-062,PH-075,B3227,7
2026-10-22,CH-165,PH-068,B3028,7
2026-10-22,CH-253,PH-056,B2665,1
2026-10-22,CH-354,PH-034,B1997,7
2026-10-22,CH-369,PH-029,B1831,8
2026-10-22,CH-297,PH-042,B2244,5
2026-10-22,CH-185,PH-020,B1570,2
2026-10-22,CH-082,PH-039,B2168,12
2026-10-22,CH-076,PH-014,B1405,2
2026-10-22,CH-134,PH-021,B1609,3
2026-10-22,CH-304,PH-036,B2045,9
2026-10-22,CH-177,PH-054,B2622,1
2026-10-22,CH-331,PH-009,B1255,10
2026-10-22,CH-046,PH-022,B1629,3
2026-10-22,CH-158,PH-041,B2204,8
2026-10-22,CH-164,PH-035,B2033,23
2026-10-22,CH-189,PH-036,B2042,12
2026-10-22,CH-149,PH-060,B2806,1
2026-10-22,CH-005,PH-010,B1281,4
2026-10-22,CH-036,PH-040,B2195,13
2026-10-22,CH-050,PH-017,B1481,15
2026-10-22,CH-204,PH-016,B1462,1
2026-10-22,CH-324,PH-059,B2761,1
2026-10-22,CH-207,PH-004,B2231,26
2026-10-22,CH-248,PH-067,B3007,22
2026-10-22,CH-031,PH-016,B1462,7
2026-10-22,CH-083,PH-061,B2841,14
2026-10-22,CH-023,PH-058,B2740,12
2026-10-22,CH-303,PH-018,B1527,13
2026-10-22,CH-315,PH-066,B2964,6
2026-10-22,CH-091,PH-015,B1430,12
2026-10-22,CH-360,PH-062,B2874,6
2026-10-22,CH-186,PH-037,B2094,6
2026-10-22,CH-381,PH-063,B2878,6
2026-10-22,CH-331,PH-069,B3039,8
2026-10-22,CH-036,PH-002,B1052,6
2026-10-22,CH-081,PH-024,B1695,4
2026-10-22,CH-302,PH-001,P-5560,3
2026-10-22,CH-230,PH-032,B1910,1
2026-10-22,CH-194,PH-070,B3095,2
2026-10-22,CH-106,PH-001,P-5560,16
2026-10-22,CH-063,PH-001,P-5560,8
2026-10-22,HS-12,PH-001,P-5560,26
2026-10-22,HS-09,PH-065,B2957,4
2026-10-22,CH-221,PH-065,B2957,24
2026-10-22,CH-303,PH-038,B2114,8
2026-10-22,CH-258,PH-051,B2523,1
2026-10-22,CH-203,PH-051,B2523,10
2026-10-22,CH-026,PH-031,CS-7790,6
2026-10-22,CH-026,PH-044,B2305,11
2026-10-22,CH-096,PH-007,B1179,18
2026-10-22,HS-11,PH-007,B1207,3
2026-10-22,CH-278,PH-007,B1179,14
2026-10-22,CH-193,PH-036,B2045,6
2026-10-22,CH-054,PH-037,B2094,9
2026-10-22,CH-289,PH-052,B2547,5
2026-10-22,CH-180,PH-053,B2585,4
2026-10-22,CH-030,PH-064,B2925,16
2026-10-22,CH-259,PH-033,B1959,8
2026-10-22,CH-078,PH-074,B3184,3
2026-10-22,HS-06,PH-013,IG-3302,17
2026-10-22,CH-160,PH-043,VD-1201,7
2026-10-22,CH-110,PH-052,B2541,39
2026-10-22,CH-214,PH-043,VD-1201,16
2026-10-22,CH-155,PH-023,B1690,8
2026-10-23,CH-054,PH-063,B2899,6
2026-10-23,CH-037,PH-028,B1810,11
2026-10-23,CH-244,PH-048,B2430,4
2026-10-23,CH-235,PH-016,B1474,9
2026-10-23,CH-064,PH-064,B2907,7
2026-10-23,CH-155,PH-013,IG-3302,10
2026-10-23,CH-033,PH-061,B2841,8
2026-10-23,CH-353,PH-066,B2964,3
2026-10-23,CH-102,PH-011,B1310,6
2026-10-23,CH-380,PH-015,B1443,13
2026-10-23,CH-373,PH-064,B2907,6
2026-10-23,CH-037,PH-072,B3155,8
2026-10-23,CH-034,PH-065,B2938,24
2026-10-23,CH-067,PH-062,B2854,3
2026-10-23,CH-350,PH-065,B2948,2
2026-10-23,CH-268,PH-014,B1405,3
2026-10-23,HS-04,PH-027,B1781,8
2026-10-23,CH-149,PH-010,B1300,10
2026-10-23,CH-140,PH-022,B1646,6
2026-10-23,CH-041,PH-069,B3058,7
2026-10-23,CH-210,PH-053,B2568,4
2026-10-23,CH-245,PH-023,B1671,9
2026-10-23,CH-248,PH-007,B1207,20
2026-10-23,CH-212,PH-007,B1207,13
2026-10-23,CH-095,PH-052,B2541,20
2026-10-23,CH-175,PH-052,B2541,20
2026-10-23,CH-390,PH-007,B1179,13
2026-10-23,CH-382,PH-050,B2475,11
2026-10-23,CH-161,PH-024,B1703,6
2026-10-23,CH-372,PH-006,B1160,1
2026-10-23,CH-204,PH-026,B1750,5
2026-10-23,CH-229,PH-026,B1750,17
2026-10-23,CH-137,PH-070,B3095,3
2026-10-23,CH-084,PH-051,B2523,2
2026-10-23,CH-025,PH-012,B1334,6
2026-10-23,CH-233,PH-071,B3112,2
2026-10-23,HS-02,PH-016,B1462,4
2026-10-23,CH-018,PH-054,B2593,3
2026-10-23,CH-344,PH-055,B2648,1
2026-10-23,CH-143,PH-060,B2782,1
2026-10-23,CH-365,PH-017,B1488,5
2026-10-23,CH-109,PH-017,B1481,4
2026-10-23,CH-330,PH-059,B2773,2
2026-10-23,CH-175,PH-067,B2981,22
2026-10-23,CH-308,PH-058,B2740,9
2026-10-23,CH-049,PH-018,B1527,18
2026-10-23,CH-272,PH-018,B1527,3
2026-10-23,CH-072,PH-009,B1273,4
2026-10-23,CH-365,PH-005,B1140,6
2026-10-23,CH-231,PH-025,B1710,10
2026-10-23,CH-197,PH-009,B1269,5
2026-10-23,CH-381,PH-057,B2683,5
2026-10-23,CH-011,PH-019,B1540,3
2026-10-23,CH-360,PH-068,B3028,5
2026-10-23,CH-328,PH-049,B2466,5
2026-10-23,CH-312,PH-020,B1570,1
2026-10-23,CH-139,PH-021,B1609,1
2026-10-23,CH-383,PH-029,B1831,9
2026-10-23,CH-151,PH-038,B2130,14
2026-10-23,CH-219,PH-051,B2523,11
2026-10-23,CH-193,PH-035,B2018,17
2026-10-23,CH-309,PH-001,P-5560,16
2026-10-23,CH-338,PH-043,VD-1201,27
2026-10-23,CH-017,PH-040,B2177,12
2026-10-23,CH-059,PH-037,B2073,1
2026-10-23,CH-110,PH-073,B3160,12
2026-10-23,CH-385,PH-074,B3184,10
2026-10-23,CH-075,PH-002,B1045,9
2026-10-23,CH-124,PH-045,B2338,2
2026-10-23,CH-325,PH-033,B1959,5
2026-10-23,CH-323,PH-036,B2042,22
2026-10-23,CH-336,PH-037,B2070,29
2026-10-23,CH-264,PH-030,B1854,2
2026-10-23,CH-241,PH-046,B2352,8
2026-10-23,CH-032,PH-003,B1064,7
2026-10-23,CH-109,PH-041,B2204,3
2026-10-23,CH-257,PH-042,B2250,8
2026-10-23,HS-05,PH-039,B2168,12
2026-10-23,HS-06,PH-001,P-5560,36
2026-10-23,CH-200,PH-044,B2295,16
2026-10-23,CH-341,PH-075,B3212,10
2026-10-23,CH-376,PH-031,CS-7790,2
2026-10-23,CH-400,PH-034,B1977,11
2026-10-24,CH-229,PH-041,B2217,5
2026-10-24,CH-300,PH-066,B2967,6
2026-10-24,CH-069,PH-049,B2466,3
2026-10-24,CH-257,PH-022,B1656,2
2026-10-24,CH-233,PH-008,B1221,2
2026-10-24,CH-050,PH-061,B2813,15
2026-10-24,CH-365,PH-036,B2045,25
2026-10-24,CH-349,PH-057,B2683,5
2026-10-24,CH-170,PH-056,B2665,1
2026-10-24,CH-352,PH-016,B1454,8
2026-10-24,CH-368,PH-022,B1629,6
2026-10-24,CH-019,PH-069,B3039,16
2026-10-24,CH-304,PH-027,B1773,16
2026-10-24,CH-210,PH-053,B2568,4
2026-10-24,HS-18,PH-062,B2864,3
2026-10-24,CH-392,PH-039,B2158,14
2026-10-24,CH-032,PH-011,B1310,3
2026-10-24,CH-139,PH-005,B1140,9
2026-10-24,CH-311,PH-043,VD-1201,12
2026-10-24,CH-394,PH-043,VD-1201,5
2026-10-24,CH-013,PH-030,B1847,2
2026-10-24,CH-015,PH-068,B3015,1
2026-10-24,CH-034,PH-019,B1540,2
2026-10-24,CH-246,PH-003,B1092,7
2026-10-24,CH-365,PH-052,B2547,29
2026-10-24,CH-159,PH-015,B1443,11
2026-10-24,CH-208,PH-045,B2324,1
2026-10-24,CH-015,PH-034,B1977,7
2026-10-24,CH-017,PH-051,B2508,17
2026-10-24,CH-196,PH-025,B1716,5
2026-10-24,CH-330,PH-009,B1273,9
2026-10-24,CH-112,PH-042,B2234,11
2026-10-24,CH-378,PH-018,B1533,13
2026-10-24,CH-128,PH-035,B2018,14
2026-10-24,CH-163,PH-044,B2305,4
2026-10-24,CH-291,PH-020,B1570,1
2026-10-24,CH-350,PH-044,B2305,18
2026-10-24,CH-030,PH-058,B2740,16
2026-10-24,CH-222,PH-026,B1750,19
2026-10-24,CH-046,PH-067,B2981,1
2026-10-24,CH-369,PH-067,B2997,26
2026-10-24,CH-289,PH-051,B2519,1
2026-10-24,CH-225,PH-059,B2773,3
2026-10-24,CH-398,PH-017,B1499,13
2026-10-24,HS-14,PH-024,B1703,4
2026-10-24,CH-183,PH-040,B2177,20
2026-10-24,CH-342,PH-004,B2231,25
2026-10-24,CH-057,PH-014,B1405,4
2026-10-24,CH-062,PH-060,B2794,1
2026-10-24,CH-111,PH-021,B1609,4
2026-10-24,CH-382,PH-073,B3160,14
2026-10-24,CH-044,PH-031,CS-7790,6
2026-10-24,CH-331,PH-010,B1277,5
2026-10-24,CH-030,PH-071,B3134,3
2026-10-24,CH-348,PH-002,B1042,12
2026-10-24,CH-136,PH-050,B2475,14
2026-10-24,HS-11,PH-004,B2231,25
2026-10-24,CH-015,PH-054,B2593,3
2026-10-24,CH-376,PH-075,B3227,2
2026-10-24,CH-187,PH-037,B2070,4
2026-10-24,HS-20,PH-028,B1810,3
2026-10-24,CH-296,PH-001,P-5560,38
2026-10-24,CH-074,PH-037,B2073,11
2026-10-24,CH-217,PH-064,B2925,18
2026-10-24,HS-14,PH-013,IG-3302,10
2026-10-24,CH-351,PH-007,B1179,22
2026-10-24,CH-175,PH-047,B2374,2
2026-10-24,CH-151,PH-033,B1948,6
2026-10-24,HS-16,PH-007,B1179,11
2026-10-24,CH-171,PH-001,P-5560,35
2026-10-24,CH-339,PH-001,P-5560,9
2026-10-24,CH-217,PH-065,B2957,12
2026-10-24,CH-141,PH-063,B2891,2
2026-10-24,CH-325,PH-038,B2149,10
2026-10-24,CH-135,PH-007,B1197,1
2026-10-24,CH-353,PH-046,B2352,1
2026-10-24,CH-059,PH-046,B2360,5
2026-10-24,CH-036,PH-074,B3206,13
2026-10-24,CH-384,PH-048,B2430,4
2026-10-24,CH-123,PH-023,B1671,6
2026-10-24,CH-074,PH-072,B3150,4
2026-10-24,CH-033,PH-029,B1837,11
2026-10-24,CH-107,PH-012,B1334,3
2026-10-25,CH-346,PH-059,B2773,1
2026-10-25,CH-381,PH-024,B1695,5
2026-10-25,CH-149,PH-050,B2501,5
2026-10-25,CH-340,PH-002,B1045,7
2026-10-25,CH-027,PH-010,B1300,5
2026-10-25,CH-315,PH-017,B1481,2
2026-10-25,CH-038,PH-017,B1499,11
2026-10-25,CH-185,PH-021,B1595,4
2026-10-25,CH-287,PH-032,B1910,2
2026-10-25,CH-123,PH-060,B2782,1
2026-10-25,CH-161,PH-073,B3177,14
2026-10-25,CH-240,PH-040,B2195,7
2026-10-25,CH-393,PH-071,B3118,2
2026-10-25,CH-384,PH-013,IG-3302,4
2026-10-25,CH-358,PH-071,B3134,6
2026-10-25,CH-129,PH-072,B3155,8
2026-10-25,CH-184,PH-023,B1690,6
2026-10-25,CH-368,PH-065,B2938,21
2026-10-25,CH-216,PH-013,IG-3302,19
2026-10-25,CH-032,PH-009,B1255,4
2026-10-25,HS-05,PH-020,B1587,2
2026-10-25,CH-260,PH-037,B2070,10
2026-10-25,CH-281,PH-019,B1560,3
2026-10-25,CH-341,PH-029,B1826,4
2026-10-25,HS-07,PH-068,B3025,4
2026-10-25,CH-133,PH-008,B1221,1
2026-10-25,CH-372,PH-057,B2683,11
2026-10-25,CH-360,PH-012,B1366,5
2026-10-25,CH-269,PH-051,B2519,11
2026-10-25,CH-286,PH-051,B2523,10
2026-10-25,CH-146,PH-057,B2700,1
2026-10-25,CH-069,PH-034,B1997,9
2026-10-25,CH-243,PH-031,CS-7731,3
2026-10-25,HS-13,PH-038,B2149,11
2026-10-25,HS-17,PH-007,B1207,20
2026-10-25,CH-262,PH-007,B1179,17
2026-10-25,CH-298,PH-037,B2094,14
2026-10-25,CH-042,PH-025,B1724,13
2026-10-25,CH-053,PH-047,B2374,1
2026-10-25,CH-239,PH-042,B2244,4
2026-10-25,CH-285,PH-044,B2305,15
2026-10-25,CH-372,PH-018,B1527,14
2026-10-25,CH-329,PH-018,B1527,6
2026-10-25,HS-17,PH-064,B2925,17
2026-10-25,CH-332,PH-035,B2033,5
2026-10-25,CH-292,PH-035,B2033,11
2026-10-25,CH-187,PH-070,B3087,2
2026-10-25,CH-233,PH-058,B2719,9
2026-10-25,CH-243,PH-074,B3184,11
2026-10-25,CH-100,PH-026,B1737,25
2026-10-25,HS-07,PH-006,B1168,2
2026-10-25,CH-323,PH-067,B2981,18
2026-10-25,CH-240,PH-041,B2225,4
2026-10-25,CH-169,PH-045,B2324,3
2026-10-25,CH-357,PH-040,B2195,9
2026-10-25,CH-040,PH-014,B1410,4
2026-10-25,CH-017,PH-043,VD-1201,15
2026-10-25,CH-331,PH-001,P-5560,39
2026-10-25,CH-167,PH-001,P-5560,13
2026-10-25,HS-16,PH-022,B1629,8
2026-10-25,HS-04,PH-033,B1959,3
2026-10-25,CH-091,PH-005,B1140,4
2026-10-25,CH-123,PH-062,B2854,5
2026-10-25,CH-038,PH-075,B3237,10
2026-10-25,CH-191,PH-015,B1423,8
2026-10-25,HS-08,PH-052,B2547,7
2026-10-25,CH-154,PH-049,B2466,4
2026-10-25,CH-217,PH-011,B1331,5
2026-10-25,CH-046,PH-039,B2158,23
2026-10-25,CH-337,PH-066,B2964,4
2026-10-25,CH-324,PH-028,B1796,8
2026-10-25,CH-022,PH-069,B3039,11
2026-10-25,CH-282,PH-052,B2547,19
2026-10-25,CH-345,PH-027,B1764,9
2026-10-25,CH-332,PH-061,B2841,11
2026-10-25,CH-196,PH-001,P-5560,16
2026-10-25,CH-286,PH-003,B1092,2
2026-10-25,HS-01,PH-046,B2352,3
2026-10-25,CH-141,PH-036,B2045,13
2026-10-25,CH-026,PH-036,B2045,5
2026-10-25,CH-044,PH-030,B1857,2
2026-10-25,CH-363,PH-063,B2878,5
2026-10-25,CH-351,PH-016,B1454,5
2026-10-25,CH-268,PH-054,B2605,3
2026-10-25,CH-273,PH-048,B2414,7
2026-10-25,CH-066,PH-053,B2568,8
2026-10-26,CH-335,PH-053,B2576,6
2026-10-26,CH-170,PH-018,B1530,13
2026-10-26,CH-302,PH-058,B2740,10
2026-10-26,CH-155,PH-035,B2033,19
2026-10-26,CH-094,PH-043,VD-1201,2
2026-10-26,CH-276,PH-062,B2874,4
2026-10-26,CH-360,PH-039,B2168,11
2026-10-26,CH-275,PH-070,B3103,2
2026-10-26,CH-270,PH-035,B2018,3
2026-10-26,CH-053,PH-018,B1527,2
2026-10-26,CH-344,PH-014,B1410,3
2026-10-26,CH-243,PH-051,B2508,19
2026-10-26,CH-322,PH-037,B2073,16
2026-10-26,CH-207,PH-044,B2295,14
2026-10-26,CH-252,PH-007,B1207,7
2026-10-26,CH-207,PH-057,B2683,11
2026-10-26,CH-197,PH-034,B1981,11
2026-10-26,CH-168,PH-001,P-5560,10
2026-10-26,CH-271,PH-007,B1197,14
2026-10-26,CH-123,PH-031,CS-7731,5
2026-10-26,CH-078,PH-030,B1847,3
2026-10-26,CH-217,PH-038,B2149,7
2026-10-26,CH-089,PH-007,B1197,12
2026-10-26,CH-244,PH-042,B2250,8
2026-10-26,CH-280,PH-046,B2352,14
2026-10-26,CH-374,PH-025,B1716,12
2026-10-26,CH-160,PH-041,B2217,9
2026-10-26,CH-254,PH-005,B1144,8
2026-10-26,CH-023,PH-064,B2925,14
2026-10-26,CH-137,PH-043,VD-1201,14
2026-10-26,CH-178,PH-011,B1331,3
2026-10-26,CH-321,PH-045,B2338,2
2026-10-26,CH-201,PH-001,P-5560,7
2026-10-26,HS-17,PH-001,P-5560,23
2026-10-26,CH-303,PH-043,VD-1201,8
2026-10-26,CH-388,PH-047,B2383,5
2026-10-26,CH-289,PH-067,B2997,17
2026-10-26,CH-250,PH-026,B1737,4
2026-10-26,CH-355,PH-075,B3227,9
2026-10-26,CH-348,PH-029,B1826,12
2026-10-26,CH-145,PH-040,B2195,18
2026-10-26,CH-005,PH-001,P-5560,12
2026-10-26,CH-338,PH-022,B1656,7
2026-10-26,CH-306,PH-013,IG-3302,11
2026-10-26,CH-114,PH-023,B1671,7
2026-10-26,CH-330,PH-061,B2841,11
2026-10-26,CH-005,PH-060,B2794,2
2026-10-26,CH-400,PH-073,B3160,7
2026-10-26,HS-10,PH-054,B2605,3
2026-10-26,CH-235,PH-036,B2055,8
2026-10-26,CH-087,PH-036,B2045,8
2026-10-26,CH-181,PH-071,B3134,4
2026-10-26,CH-367,PH-021,B1609,6
2026-10-26,CH-054,PH-063,B2899,7
2026-10-26,HS-13,PH-010,B1300,4
2026-10-26,CH-046,PH-065,B2938,22
2026-10-26,CH-400,PH-016,B1454,6
2026-10-26,CH-400,PH-074,B3184,4
2026-10-26,CH-195,PH-072,B3141,1
2026-10-26,CH-011,PH-026,B1737,21
2026-10-26,CH-136,PH-032,B1904,2
2026-10-26,CH-309,PH-028,B1810,6
2026-10-26,CH-309,PH-020,B1587,3
2026-10-26,CH-261,PH-056,B2658,1
2026-10-26,CH-248,PH-008,B1247,1
2026-10-26,CH-038,PH-002,B1052,10
2026-10-26,CH-163,PH-012,B1355,6
2026-10-26,CH-111,PH-069,B3058,19
2026-10-26,CH-095,PH-027,B1764,9
2026-10-26,CH-272,PH-068,B3015,1
2026-10-26,CH-396,PH-049,B2457,11
2026-10-26,CH-364,PH-015,B1443,6
2026-10-26,CH-161,PH-048,B2430,8
2026-10-26,CH-080,PH-033,B1959,4
2026-10-26,CH-350,PH-009,B1269,6
2026-10-26,CH-274,PH-055,B2648,1
2026-10-26,HS-01,PH-052,B2541,20
2026-10-26,CH-330,PH-024,B1703,2
2026-10-26,CH-375,PH-015,B1423,6
2026-10-26,CH-347,PH-050,B2491,8
2026-10-26,CH-258,PH-017,B1499,11
2026-10-26,CH-330,PH-066,B2975,6
2026-10-26,CH-313,PH-059,B2761,1
2026-10-26,CH-015,PH-003,B1064,3
2026-10-27,CH-267,PH-052,B2541,17
2026-10-27,CH-064,PH-007,B1179,5
2026-10-27,CH-328,PH-056,B2680,2
2026-10-27,CH-217,PH-054,B2622,3
2026-10-27,CH-378,PH-070,B3103,3
2026-10-27,CH-194,PH-074,B3203,6
2026-10-27,CH-149,PH-021,B1622,1
2026-10-27,CH-106,PH-032,B1922,5
2026-10-27,CH-231,PH-022,B1629,7
2026-10-27,CH-175,PH-024,B1695,5
2026-10-27,CH-122,PH-055,B2632,1
2026-10-27,CH-346,PH-034,B1997,8
2026-10-27,CH-207,PH-042,B2234,5
2026-10-27,CH-132,PH-002,B1052,11
2026-10-27,CH-047,PH-069,B3039,11
2026-10-27,CH-354,PH-020,B1587,1
2026-10-27,CH-329,PH-053,B2568,8
2026-10-27,CH-045,PH-023,B1690,10
2026-10-27,CH-182,PH-043,VD-1201,16
2026-10-27,CH-224,PH-068,B3025,2
2026-10-27,CH-290,PH-033,B1931,3
2026-10-27,CH-195,PH-017,B1481,10
2026-10-27,CH-128,PH-007,B1197,19
2026-10-27,CH-196,PH-050,B2491,12
2026-10-27,CH-024,PH-011,B1314,4
2026-10-27,CH-292,PH-040,B2195,12
2026-10-27,CH-258,PH-073,B3177,24
2026-10-27,CH-071,PH-026,B1737,25
2026-10-27,CH-200,PH-071,B3112,8
2026-10-27,CH-346,PH-071,B3134,1
2026-10-27,CH-393,PH-010,B1281,5
2026-10-27,CH-344,PH-016,B1474,4
2026-10-27,CH-031,PH-063,B2891,10
2026-10-27,CH-210,PH-045,B2318,1
2026-10-27,CH-022,PH-036,B2042,10
2026-10-27,CH-059,PH-036,B2045,7
2026-10-27,CH-132,PH-028,B1810,4
2026-10-27,CH-057,PH-007,B1197,6
2026-10-27,CH-337,PH-061,B2813,12
2026-10-27,CH-065,PH-019,B1540,3
2026-10-27,CH-241,PH-066,B2964,4
2026-10-27,CH-271,PH-049,B2457,5
2026-10-27,CH-364,PH-048,B2430,11
2026-10-27,CH-375,PH-001,P-5560,15
2026-10-27,CH-018,PH-015,B1423,10
2026-10-27,CH-335,PH-027,B1773,9
2026-10-27,CH-335,PH-001,P-5560,21
2026-10-27,CH-170,PH-001,P-5560,23
2026-10-27,CH-327,PH-014,B1410,6
2026-10-27,CH-208,PH-003,B1083,3
2026-10-27,CH-388,PH-030,B1854,3
2026-10-27,CH-031,PH-039,B2165,11
2026-10-27,CH-386,PH-062,B2854,8
2026-10-27,CH-127,PH-046,B2367,4
2026-10-27,CH-190,PH-065,B2938,20
2026-10-27,CH-386,PH-065,B2938,6
2026-10-27,CH-156,PH-072,B3150,7
2026-10-27,CH-058,PH-035,B2006,5
2026-10-27,CH-310,PH-009,B1255,7
2026-10-27,CH-348,PH-044,B2295,9
2026-10-27,CH-153,PH-018,B1530,13
2026-10-27,CH-162,PH-041,B2204,9
2026-10-27,CH-338,PH-025,B1724,8
2026-10-27,CH-154,PH-035,B2033,12
2026-10-27,CH-087,PH-031,CS-7790,2
2026-10-27,CH-138,PH-057,B2693,10
2026-10-27,CH-081,PH-051,B2508,14
2026-10-27,CH-389,PH-008,B1227,3
2026-10-27,CH-119,PH-012,B1366,6
2026-10-27,CH-363,PH-029,B1826,13
2026-10-27,CH-001,PH-075,B3227,6
2026-10-27,CH-104,PH-038,B2114,5
2026-10-27,CH-106,PH-064,B2925,6
2026-10-27,CH-268,PH-018,B1530,9
2026-10-27,CH-045,PH-064,B2925,7
2026-10-27,CH-296,PH-013,IG-3302,11
2026-10-27,CH-114,PH-059,B2758,2
2026-10-27,CH-276,PH-037,B2094,14
2026-10-27,CH-394,PH-004,B2231,26
2026-10-27,CH-029,PH-058,B2740,6
2026-10-27,CH-395,PH-067,B3007,16
2026-10-27,HS-12,PH-005,B1144,7
2026-10-27,CH-200,PH-047,B2374,1
2026-10-28,CH-338,PH-037,B2094,17
2026-10-28,CH-072,PH-038,B2149,13
2026-10-28,CH-176,PH-065,B2938,18
2026-10-28,CH-280,PH-064,B2907,15
2026-10-28,CH-016,PH-065,B2938,10
2026-10-28,CH-369,PH-001,P-5560,6
2026-10-28,CH-139,PH-012,B1355,7
2026-10-28,CH-017,PH-063,B2878,3
2026-10-28,CH-381,PH-014,B1399,3
2026-10-28,CH-125,PH-074,B3184,2
2026-10-28,CH-207,PH-011,B1310,4
2026-10-28,CH-116,PH-013,IG-3302,11
2026-10-28,CH-360,PH-007,B1207,24
2026-10-28,CH-374,PH-023,B1676,11
2026-10-28,CH-322,PH-034,B1981,11
2026-10-28,CH-212,PH-033,B1959,7
2026-10-28,CH-220,PH-055,B2642,2
2026-10-28,CH-037,PH-042,B2250,6
2026-10-28,CH-104,PH-068,B3015,2
2026-10-28,CH-064,PH-017,B1481,18
2026-10-28,HS-14,PH-020,B1587,1
2026-10-28,HS-07,PH-067,B2997,12
2026-10-28,CH-092,PH-067,B3007,5
2026-10-28,CH-317,PH-058,B2726,8
2026-10-28,CH-144,PH-035,B2033,9
2026-10-28,CH-316,PH-018,B1533,19
2026-10-28,CH-374,PH-041,B2217,6
2026-10-28,CH-214,PH-057,B2683,8
2026-10-28,CH-034,PH-008,B1221,5
2026-10-28,CH-081,PH-056,B2658,3
2026-10-28,CH-183,PH-075,B3212,9
2026-10-28,CH-027,PH-059,B2773,1
2026-10-28,HS-02,PH-062,B2864,2
2026-10-28,CH-028,PH-009,B1255,7
2026-10-28,CH-344,PH-060,B2806,1
2026-10-28,CH-266,PH-039,B2165,11
2026-10-28,HS-02,PH-001,P-5560,8
2026-10-28,CH-156,PH-001,P-5560,39
2026-10-28,CH-131,PH-053,B2585,6
2026-10-28,CH-236,PH-069,B3069,7
2026-10-28,CH-355,PH-069,B3058,7
2026-10-28,CH-071,PH-001,P-5560,6
2026-10-28,CH-218,PH-015,B1443,14
2026-10-28,CH-042,PH-022,B1656,9
2026-10-28,CH-190,PH-061,B2813,9
2026-10-28,CH-301,PH-036,B2042,19
2026-10-28,CH-358,PH-054,B2622,4
2026-10-28,CH-005,PH-021,B1609,6
2026-10-28,CH-100,PH-016,B1454,8
2026-10-28,CH-210,PH-010,B1277,5
2026-10-28,CH-052,PH-040,B2177,16
2026-10-28,CH-343,PH-066,B2964,3
2026-10-28,CH-327,PH-029,B1837,5
2026-10-28,CH-032,PH-003,B1064,6
2026-10-28,CH-365,PH-030,B1854,6
2026-10-28,CH-100,PH-049,B2442,4
2026-10-28,CH-191,PH-031,CS-7731,5
2026-10-28,CH-144,PH-032,B1922,1
2026-10-28,CH-137,PH-007,B1197,13
2026-10-28,CH-009,PH-043,VD-1201,3
2026-10-28,CH-247,PH-043,VD-1201,16
2026-10-28,CH-021,PH-052,B2561,23
2026-10-28,CH-348,PH-025,B1710,12
2026-10-28,CH-063,PH-051,B2519,15
2026-10-28,CH-359,PH-051,B2523,1
2026-10-28,HS-19,PH-048,B2414,5
2026-10-28,CH-102,PH-046,B2352,3
2026-10-28,CH-080,PH-002,B1052,5
2026-10-28,CH-166,PH-024,B1703,5
2026-10-28,HS-13,PH-070,B3103,3
2026-10-28,CH-240,PH-050,B2501,17
2026-10-28,CH-234,PH-073,B3165,15
2026-10-28,CH-365,PH-026,B1750,13
2026-10-28,CH-308,PH-072,B3155,7
2026-10-28,CH-180,PH-071,B3134,3
2026-10-28,CH-363,PH-044,B2295,13
2026-10-28,CH-180,PH-005,B1144,9
2026-10-28,CH-065,PH-047,B2374,2
2026-10-28,CH-241,PH-027,B1764,10
2026-10-28,CH-211,PH-028,B1791,6
2026-10-29,CH-052,PH-032,B1904,3
2026-10-29,CH-357,PH-059,B2773,4
2026-10-29,CH-160,PH-062,B2864,6
2026-10-29,CH-011,PH-041,B2204,7
2026-10-29,CH-083,PH-037,B2094,20
2026-10-29,CH-164,PH-039,B2168,15
2026-10-29,CH-194,PH-072,B3150,3
2026-10-29,CH-133,PH-001,P-5560,21
2026-10-29,CH-276,PH-021,B1622,3
2026-10-29,CH-001,PH-027,B1773,10
2026-10-29,CH-120,PH-009,B1269,6
2026-10-29,CH-237,PH-050,B2475,13
2026-10-29,CH-334,PH-001,P-5560,5
2026-10-29,CH-380,PH-038,B2149,1
2026-10-29,CH-237,PH-001,P-5560,30
2026-10-29,CH-152,PH-064,B2907,11
2026-10-29,CH-096,PH-019,B1540,3
2026-10-29,CH-007,PH-054,B2605,8
2026-10-29,CH-072,PH-038,B2149,12
2026-10-29,CH-084,PH-025,B1724,10
2026-10-29,CH-206,PH-015,B1423,14
2026-10-29,HS-13,PH-042,B2250,3
2026-10-29,CH-219,PH-024,B1703,5
2026-10-29,CH-107,PH-004,B2231,26
2026-10-29,CH-201,PH-060,B2806,3
2026-10-29,CH-150,PH-026,B1757,4
2026-10-29,CH-128,PH-071,B3118,6
2026-10-29,CH-330,PH-026,B1757,18
2026-10-29,CH-045,PH-010,B1300,6
2026-10-29,CH-165,PH-075,B3237,9
2026-10-29,CH-257,PH-034,B1997,13
2026-10-29,CH-060,PH-016,B1454,15
2026-10-29,CH-100,PH-073,B3160,12
2026-10-29,CH-196,PH-051,B2519,21
2026-10-29,CH-063,PH-056,B2665,3
2026-10-29,CH-163,PH-003,B1083,5
2026-10-29,HS-03,PH-013,IG-3302,13
2026-10-29,CH-161,PH-013,IG-3302,5
2026-10-29,CH-253,PH-036,B2045,15
2026-10-29,CH-195,PH-040,B2177,18
2026-10-29,CH-005,PH-070,B3095,3
2026-10-29,CH-358,PH-002,B1052,7
2026-10-29,CH-007,PH-073,B3165,9
2026-10-29,CH-050,PH-020,B1570,3
2026-10-29,CH-334,PH-029,B1837,9
2026-10-29,CH-125,PH-031,CS-7731,3
2026-10-29,CH-305,PH-061,B2813,13
2026-10-29,CH-065,PH-061,B2813,3
2026-10-29,CH-266,PH-057,B2693,12
2026-10-29,CH-228,PH-066,B2964,9
2026-10-29,CH-033,PH-049,B2466,5
2026-10-29,CH-167,PH-055,B2642,1
2026-10-29,CH-161,PH-045,B2338,3
2026-10-29,CH-155,PH-018,B1533,15
2026-10-29,CH-172,PH-068,B3028,2
2026-10-29,CH-130,PH-011,B1331,5
2026-10-29,CH-256,PH-058,B2726,7
2026-10-29,CH-228,PH-014,B1399,5
2026-10-29,HS-18,PH-022,B1646,5
2026-10-29,CH-139,PH-047,B2383,2
2026-10-29,CH-196,PH-012,B1355,6
2026-10-29,CH-204,PH-033,B1948,1
2026-10-29,CH-052,PH-067,B2981,7
2026-10-29,CH-064,PH-035,B2006,10
2026-10-29,CH-313,PH-046,B2360,9
2026-10-29,CH-320,PH-004,B2231,26
2026-10-29,CH-241,PH-004,B2231,26
2026-10-29,CH-338,PH-069,B3069,8
2026-10-29,CH-023,PH-044,B2310,9
2026-10-29,CH-165,PH-023,B1690,6
2026-10-29,CH-184,PH-065,B2957,16
2026-10-29,CH-341,PH-065,B2938,8
2026-10-29,CH-289,PH-028,B1796,7
2026-10-29,CH-317,PH-048,B2414,2
2026-10-29,CH-075,PH-052,B2547,19
2026-10-29,CH-253,PH-017,B1488,14
2026-10-29,CH-242,PH-043,VD-1201,20
2026-10-29,CH-203,PH-030,B1857,3
2026-10-29,CH-048,PH-005,B1144,10
2026-10-29,CH-043,PH-063,B2878,7
2026-10-29,CH-061,PH-074,B3184,9
2026-10-29,CH-070,PH-053,B2576,7
2026-10-29,CH-036,PH-067,B3007,17
2026-10-29,CH-049,PH-052,B2541,12
2026-10-29,CH-051,PH-052,B2547,14
2026-10-29,CH-391,PH-007,B1207,29
2026-10-29,CH-245,PH-007,B1179,13
2026-10-30,CH-068,PH-036,B2055,10
2026-10-30,CH-048,PH-042,B2250,5
2026-10-30,CH-278,PH-048,B2399,3
2026-10-30,CH-011,PH-031,CS-7731,4
2026-10-30,CH-194,PH-057,B2693,7
2026-10-30,CH-260,PH-073,B3160,10
2026-10-30,CH-175,PH-061,B2813,9
2026-10-30,CH-267,PH-049,B2442,3
2026-10-30,CH-205,PH-052,B2541,30
2026-10-30,CH-301,PH-068,B3015,2
2026-10-30,CH-230,PH-035,B2018,12
2026-10-30,CH-140,PH-018,B1530,11
2026-10-30,CH-136,PH-006,B1160,1
2026-10-30,CH-090,PH-002,B1052,6
2026-10-30,CH-141,PH-026,B1750,25
2026-10-30,CH-397,PH-029,B1837,7
2026-10-30,CH-030,PH-071,B3134,5
2026-10-30,CH-037,PH-063,B2899,3
2026-10-30,CH-283,PH-010,B1300,5
2026-10-30,CH-016,PH-067,B2981,16
2026-10-30,CH-323,PH-075,B3212,6
2026-10-30,CH-045,PH-034,B1997,15
2026-10-30,CH-211,PH-028,B1791,8
2026-10-30,CH-209,PH-020,B1587,1
2026-10-30,CH-278,PH-058,B2719,10
2026-10-30,CH-234,PH-051,B2519,20
2026-10-30,CH-291,PH-056,B2658,4
2026-10-30,CH-238,PH-047,B2386,1
2026-10-30,CH-309,PH-007,B1207,24
2026-10-30,CH-352,PH-046,B2352,6
2026-10-30,CH-266,PH-070,B3095,4
2026-10-30,CH-021,PH-013,IG-3302,12
2026-10-30,CH-359,PH-040,B2195,16
2026-10-30,CH-043,PH-065,B2938,20
2026-10-30,CH-092,PH-016,B1474,14
2026-10-30,HS-06,PH-066,B2967,7
2026-10-30,CH-045,PH-043,VD-1201,22
2026-10-30,CH-234,PH-001,P-5560,22
2026-10-30,CH-136,PH-050,B2475,12
2026-10-30,CH-102,PH-001,P-5560,9
2026-10-30,HS-16,PH-074,B3184,12
2026-10-30,CH-193,PH-001,P-5560,18
2026-10-30,CH-371,PH-001,P-5560,7
2026-10-30,CH-221,PH-001,P-5560,13
2026-10-30,CH-068,PH-017,B1499,8
2026-10-30,HS-17,PH-033,B1959,3
2026-10-30,CH-165,PH-022,B1656,4
2026-10-30,CH-124,PH-011,B1331,7
2026-10-30,CH-281,PH-023,B1690,6
2026-10-30,CH-028,PH-012,B1334,6
2026-10-30,CH-203,PH-072,B3155,5
2026-10-30,CH-118,PH-059,B2761,6
2026-10-30,CH-078,PH-039,B2158,7
2026-10-30,CH-060,PH-003,B1064,3
2026-10-30,CH-045,PH-027,B1781,1
2026-10-30,CH-290,PH-030,B1847,2
2026-10-30,CH-261,PH-005,B1135,5
2026-10-30,CH-050,PH-062,B2854,9
2026-10-30,CH-056,PH-037,B2070,11
2026-10-30,CH-121,PH-018,B1533,6
2026-10-30,HS-07,PH-027,B1773,6
2026-10-30,CH-028,PH-038,B2114,8
2026-10-30,CH-023,PH-054,B2622,5
2026-10-30,CH-310,PH-064,B2907,16
2026-10-30,CH-187,PH-044,B2295,1
2026-10-30,CH-244,PH-038,B2149,2
2026-10-30,CH-227,PH-041,B2217,3
2026-10-30,CH-151,PH-014,B1405,3
2026-10-30,CH-360,PH-053,B2585,8
2026-10-30,CH-001,PH-069,B3058,4
2026-10-30,CH-061,PH-032,B1904,4
2026-10-30,CH-064,PH-069,B3039,8
2026-10-30,CH-320,PH-044,B2295,12
2026-10-30,CH-101,PH-025,B1710,7
2026-10-30,CH-252,PH-021,B1622,1
2026-10-30,CH-130,PH-015,B1443,7
2026-10-30,CH-109,PH-004,B2231,26
2026-10-30,CH-016,PH-009,B1255,15
2026-10-30,CH-059,PH-024,B1699,5
2026-10-31,CH-126,PH-067,B2981,17
2026-10-31,CH-046,PH-067,B2981,1
2026-10-31,CH-025,PH-004,B2231,26
2026-10-31,CH-244,PH-003,B1092,6
2026-10-31,CH-184,PH-044,B2310,18
2026-10-31,CH-305,PH-018,B1527,20
2026-10-31,CH-242,PH-026,B1737,5
2026-10-31,CH-223,PH-057,B2700,12
2026-10-31,CH-037,PH-073,B3177,4
2026-10-31,CH-079,PH-075,B3212,10
2026-10-31,HS-20,PH-040,B2195,9
2026-10-31,CH-036,PH-059,B2773,5
2026-10-31,CH-124,PH-075,B3237,2
2026-10-31,CH-156,PH-050,B2491,17
2026-10-31,HS-01,PH-051,B2508,17
2026-10-31,CH-159,PH-031,CS-7790,1
2026-10-31,CH-350,PH-006,B1168,1
2026-10-31,CH-035,PH-041,B2204,10
2026-10-31,HS-04,PH-017,B1499,12
2026-10-31,CH-240,PH-025,B1724,4
2026-10-31,CH-087,PH-035,B2018,15
2026-10-31,CH-224,PH-064,B2918,1
2026-10-31,CH-343,PH-037,B2070,19
2026-10-31,CH-031,PH-064,B2918,21
2026-10-31,CH-352,PH-040,B2177,9
2026-10-31,CH-215,PH-009,B1269,12
2026-10-31,HS-09,PH-073,B3177,15
2026-10-31,CH-066,PH-058,B2719,10
2026-10-31,CH-147,PH-026,B1737,10
2026-10-31,CH-349,PH-074,B3184,9
2026-10-31,CH-111,PH-005,B1140,8
2026-10-31,CH-123,PH-062,B2854,4
2026-10-31,CH-153,PH-012,B1355,1
2026-10-31,CH-001,PH-007,B1197,20
2026-10-31,CH-022,PH-007,B1179,6
2026-10-31,CH-109,PH-027,B1764,11
2026-10-31,CH-213,PH-012,B1366,7
2026-10-31,CH-132,PH-039,B2168,6
2026-10-31,CH-330,PH-001,P-5560,33
2026-10-31,CH-257,PH-030,B1857,4
2026-10-31,CH-002,PH-038,B2114,11
2026-10-31,CH-176,PH-015,B1423,15
2026-10-31,CH-301,PH-021,B1595,9
2026-10-31,CH-318,PH-038,B2114,1
2026-10-31,CH-158,PH-032,B1904,2
2026-10-31,CH-352,PH-019,B1540,2
2026-10-31,CH-201,PH-033,B1959,4
2026-10-31,CH-013,PH-011,B1310,4
2026-10-31,CH-308,PH-022,B1656,4
2026-10-31,CH-003,PH-063,B2878,7
2026-10-31,CH-185,PH-028,B1791,9
2026-10-31,CH-159,PH-029,B1837,11
2026-10-31,CH-044,PH-046,B2367,7
2026-10-31,CH-011,PH-052,B2541,13
2026-10-31,CH-210,PH-007,B1179,14
2026-10-31,CH-019,PH-065,B2938,23
2026-10-31,CH-118,PH-069,B3058,14
2026-10-31,CH-288,PH-048,B2414,3
2026-10-31,CH-150,PH-052,B2561,17
2026-10-31,CH-261,PH-043,VD-1201,12
2026-10-31,CH-015,PH-043,VD-1201,9
2026-10-31,CH-166,PH-053,B2585,5
2026-10-31,CH-243,PH-053,B2568,4
2026-10-31,CH-003,PH-043,VD-1201,12
2026-10-31,CH-033,PH-023,B1690,7
2026-10-31,CH-394,PH-014,B1399,5
2026-10-31,CH-009,PH-015,B1430,3
2026-10-31,CH-129,PH-001,P-5560,14
2026-10-31,CH-357,PH-054,B2622,5
2026-10-31,CH-233,PH-001,P-5560,13
2026-10-31,CH-168,PH-066,B2967,9
2026-10-31,CH-072,PH-002,B1052,6
2026-10-31,CH-049,PH-001,P-5560,17
2026-10-31,CH-211,PH-013,IG-3302,7
2026-10-31,CH-107,PH-013,IG-3302,12
2026-10-31,CH-001,PH-070,B3095,1
2026-10-31,CH-342,PH-020,B1570,3
2026-10-31,CH-304,PH-072,B3150,3
2026-10-31,CH-077,PH-016,B1462,11
2026-10-31,CH-214,PH-034,B1977,9
2026-10-31,CH-259,PH-010,B1300,7
2026-10-31,CH-174,PH-071,B3118,5
2026-10-31,CH-341,PH-060,B2782,2
2026-10-31,CH-066,PH-004,B2231,25
2026-10-31,CH-358,PH-056,B2680,1
2026-10-31,HS-18,PH-036,B2045,18
2026-10-31,CH-373,PH-047,B2374,1
2026-10-31,CH-196,PH-024,B1699,1
2026-10-31,CH-015,PH-061,B2813,13
2026-10-31,CH-234,PH-049,B2457,8
2026-10-31,CH-191,PH-042,B2234,4
2026-10-31,CH-076,PH-068,B3025,5
2026-11-01,CH-208,PH-047,B2383,1
2026-11-01,CH-144,PH-061,B2841,6
2026-11-01,CH-090,PH-016,B1474,6
2026-11-01,HS-04,PH-016,B1474,2
2026-11-01,CH-367,PH-010,B1281,15
2026-11-01,CH-063,PH-037,B2073,14
2026-11-01,CH-051,PH-037,B2073,3
2026-11-01,CH-110,PH-065,B2938,31
2026-11-01,CH-263,PH-045,B2324,1
2026-11-01,CH-376,PH-001,P-5560,10
2026-11-01,CH-120,PH-001,P-5560,21
2026-11-01,CH-223,PH-046,B2367,2
2026-11-01,CH-386,PH-009,B1255,5
2026-11-01,CH-329,PH-026,B1737,20
2026-11-01,CH-334,PH-028,B1810,8
2026-11-01,CH-262,PH-015,B1423,10
2026-11-01,CH-332,PH-063,B2899,5
2026-11-01,CH-283,PH-071,B3134,2
2026-11-01,CH-372,PH-004,B2231,26
2026-11-01,CH-054,PH-048,B2430,11
2026-11-01,CH-029,PH-072,B3155,11
2026-11-01,HS-17,PH-027,B1781,10
2026-11-01,CH-226,PH-036,B2055,14
2026-11-01,CH-174,PH-073,B3165,9
2026-11-01,CH-093,PH-049,B2466,9
2026-11-01,CH-252,PH-039,B2168,15
2026-11-01,CH-167,PH-073,B3165,5
2026-11-01,CH-060,PH-062,B2854,3
2026-11-01,HS-16,PH-005,B1135,5
2026-11-01,CH-175,PH-001,P-5560,39
2026-11-01,CH-217,PH-040,B2195,15
2026-11-01,CH-299,PH-066,B2975,6
2026-11-01,CH-130,PH-039,B2168,4
2026-11-01,CH-152,PH-067,B2981,16
2026-11-01,HS-02,PH-011,B1314,3
2026-11-01,HS-12,PH-014,B1410,7
2026-11-01,CH-321,PH-017,B1499,12
2026-11-01,CH-042,PH-030,B1857,3
2026-11-01,CH-388,PH-050,B2491,15
2026-11-01,CH-152,PH-059,B2758,3
2026-11-01,CH-039,PH-013,IG-3302,14
2026-11-01,CH-189,PH-032,B1904,2
2026-11-01,HS-17,PH-075,B3237,8
2026-11-01,CH-046,PH-056,B2658,2
2026-11-01,CH-376,PH-006,B1168,2
2026-11-01,CH-140,PH-029,B1831,9
2026-11-01,CH-183,PH-021,B1595,7
2026-11-01,CH-081,PH-069,B3039,11
2026-11-01,CH-397,PH-018,B1533,17
2026-11-01,CH-373,PH-034,B1977,11
2026-11-01,CH-309,PH-008,B1247,2
2026-11-01,CH-174,PH-054,B2605,6
2026-11-01,CH-085,PH-067,B2997,1
2026-11-01,CH-276,PH-022,B1656,3
2026-11-01,CH-172,PH-053,B2585,8
2026-11-01,CH-169,PH-003,B1083,4
2026-11-01,CH-262,PH-023,B1671,7
2026-11-01,CH-325,PH-012,B1366,8
2026-11-01,CH-331,PH-025,B1710,9
2026-11-01,CH-368,PH-007,B1179,20
2026-11-01,CH-001,PH-007,B1197,12
2026-11-01,CH-207,PH-057,B2683,12
2026-11-01,CH-317,PH-031,CS-7790,3
2026-11-01,CH-045,PH-041,B2225,5
2026-11-01,HS-09,PH-043,VD-1201,14
2026-11-01,CH-052,PH-043,VD-1201,8
2026-11-01,HS-02,PH-033,B1948,2
2026-11-01,CH-136,PH-019,B1540,1
2026-11-01,CH-275,PH-064,B2925,17
2026-11-01,CH-329,PH-074,B3184,3
2026-11-01,CH-061,PH-044,B2295,5
2026-11-01,CH-285,PH-044,B2305,8
2026-11-01,CH-288,PH-051,B2519,14
2026-11-01,CH-300,PH-035,B2018,6
2026-11-01,CH-357,PH-038,B2149,13
2026-11-01,CH-306,PH-002,B1042,2
2026-11-01,CH-226,PH-024,B1703,4
2026-11-01,CH-112,PH-020,B1570,2
2026-11-01,CH-274,PH-055,B2648,1
2026-11-01,CH-241,PH-058,B2719,6
2026-11-01,CH-061,PH-058,B2719,2
2026-11-01,CH-017,PH-070,B3087,5
2026-11-01,CH-146,PH-042,B2250,5
2026-11-01,CH-398,PH-058,B2740,7
2026-11-01,CH-209,PH-035,B2033,10
2026-11-01,CH-240,PH-052,B2561,24
2026-11-01,CH-191,PH-052,B2541,3
2026-11-01,CH-289,PH-068,B3025,5
2026-11-02,CH-261,PH-036,B2042,20
2026-11-02,CH-387,PH-001,P-5560,9
2026-11-02,CH-177,PH-001,P-5560,18
2026-11-02,CH-177,PH-005,B1144,8
2026-11-02,CH-400,PH-004,B2231,25
2026-11-02,CH-217,PH-024,B1703,6
2026-11-02,CH-186,PH-019,B1560,1
2026-11-02,CH-257,PH-013,IG-3302,4
2026-11-02,CH-044,PH-020,B1587,3
2026-11-02,CH-279,PH-051,B2523,8
2026-11-02,HS-14,PH-068,B3028,2
2026-11-02,CH-246,PH-026,B1757,29
2026-11-02,CH-386,PH-051,B2508,2
2026-11-02,CH-136,PH-074,B3184,5
2026-11-02,CH-241,PH-062,B2854,4
2026-11-02,CH-398,PH-064,B2925,13
2026-11-02,CH-357,PH-066,B2975,6
2026-11-02,CH-373,PH-061,B2813,11
2026-11-02,CH-093,PH-031,CS-7790,5
2026-11-02,CH-312,PH-045,B2318,2
2026-11-02,CH-356,PH-072,B3141,3
2026-11-02,CH-156,PH-015,B1430,13
2026-11-02,CH-173,PH-071,B3118,4
2026-11-02,CH-383,PH-030,B1854,5
2026-11-02,CH-233,PH-007,B1179,34
2026-11-02,CH-358,PH-042,B2250,3
2026-11-02,CH-266,PH-070,B3095,3
2026-11-02,CH-270,PH-016,B1462,6
2026-11-02,CH-343,PH-054,B2593,8
2026-11-02,CH-043,PH-034,B1977,6
2026-11-02,CH-007,PH-010,B1281,8
2026-11-02,CH-058,PH-038,B2114,8
2026-11-02,CH-099,PH-002,B1045,9
2026-11-02,CH-034,PH-043,VD-1201,2
2026-11-02,CH-341,PH-043,VD-1201,17
2026-11-02,CH-260,PH-001,P-5560,21
2026-11-02,CH-127,PH-001,P-5560,16
2026-11-02,HS-06,PH-039,B2165,14
2026-11-02,CH-254,PH-013,IG-3302,13
2026-11-02,CH-275,PH-012,B1366,10
2026-11-02,CH-115,PH-021,B1622,7
2026-11-02,CH-005,PH-060,B2794,4
2026-11-02,CH-118,PH-027,B1773,5
2026-11-02,CH-226,PH-016,B1474,6
2026-11-02,CH-384,PH-065,B2957,16
2026-11-02,CH-128,PH-049,B2457,5
2026-11-02,CH-097,PH-046,B2367,8
2026-11-02,CH-059,PH-048,B2414,7
2026-11-02,CH-168,PH-067,B2997,20
2026-11-02,CH-239,PH-050,B2491,14
2026-11-02,CH-116,PH-035,B2033,17
2026-11-02,CH-233,PH-022,B1629,7
2026-11-02,HS-12,PH-028,B1810,5
2026-11-02,CH-374,PH-018,B1530,5
2026-11-02,CH-107,PH-018,B1527,10
2026-11-02,CH-165,PH-053,B2585,8
2026-11-02,CH-268,PH-069,B3058,7
2026-11-02,CH-210,PH-037,B2070,2
2026-11-02,CH-226,PH-006,B1171,3
2026-11-02,CH-091,PH-017,B1488,12
2026-11-02,CH-301,PH-052,B2541,17
2026-11-02,CH-040,PH-052,B2561,16
2026-11-02,CH-191,PH-029,B1826,11
2026-11-02,CH-380,PH-073,B3177,24
2026-11-02,CH-083,PH-075,B3237,1
2026-11-02,CH-120,PH-044,B2305,12
2026-11-02,CH-357,PH-032,B1922,2
2026-11-02,CH-090,PH-063,B2899,4
2026-11-02,CH-206,PH-037,B2070,16
2026-11-02,CH-064,PH-009,B1255,8
2026-11-02,CH-014,PH-011,B1314,3
2026-11-02,CH-167,PH-057,B2693,5
2026-11-02,CH-071,PH-059,B2758,2
2026-11-02,CH-300,PH-040,B2182,3
2026-11-02,CH-050,PH-065,B2938,1
2026-11-02,CH-049,PH-058,B2719,6
2026-11-02,CH-305,PH-075,B3212,8
2026-11-02,CH-074,PH-058,B2726,10
2026-11-02,CH-071,PH-040,B2177,12
2026-11-02,CH-105,PH-025,B1716,6
2026-11-02,CH-211,PH-065,B2938,8
2026-11-02,CH-232,PH-014,B1399,5
2026-11-02,CH-353,PH-003,B1064,7
2026-11-02,CH-119,PH-023,B1690,5
2026-11-02,CH-232,PH-033,B1931,5
2026-11-02,CH-104,PH-041,B2204,7
2026-11-02,CH-003,PH-023,B1671,4
2026-11-03,CH-299,PH-065,B2957,10
2026-11-03,CH-223,PH-063,B2899,5
2026-11-03,CH-380,PH-055,B2648,1
2026-11-03,CH-339,PH-038,B2114,8
2026-11-03,CH-196,PH-013,IG-3302,2
2026-11-03,CH-327,PH-065,B2957,11
2026-11-03,CH-293,PH-028,B1810,6
2026-11-03,CH-229,PH-061,B2827,9
2026-11-03,CH-010,PH-068,B3028,3
2026-11-03,CH-334,PH-052,B2561,10
2026-11-03,CH-150,PH-032,B1922,1
2026-11-03,CH-191,PH-052,B2541,10
2026-11-03,CH-339,PH-033,B1931,3
2026-11-03,CH-264,PH-001,P-5560,31
2026-11-03,CH-349,PH-062,B2854,4
2026-11-03,CH-385,PH-074,B3184,6
2026-11-03,CH-081,PH-023,B1671,5
2026-11-03,CH-103,PH-046,B2367,5
2026-11-03,CH-160,PH-014,B1405,6
2026-11-03,CH-328,PH-027,B1781,5
2026-11-03,CH-217,PH-021,B1622,5
2026-11-03,CH-033,PH-053,B2585,6
2026-11-03,CH-343,PH-012,B1334,10
2026-11-03,CH-180,PH-039,B2168,17
2026-11-03,CH-026,PH-048,B2414,4
2026-11-03,CH-345,PH-043,VD-1201,14
2026-11-03,CH-196,PH-022,B1646,8
2026-11-03,CH-343,PH-029,B1826,6
2026-11-03,CH-310,PH-054,B2593,7
2026-11-03,CH-162,PH-011,B1310,4
2026-11-03,CH-344,PH-007,B1207,19
2026-11-03,CH-380,PH-024,B1703,4
2026-11-03,CH-010,PH-069,B3069,10
2026-11-03,CH-071,PH-030,B1847,4
2026-11-03,CH-226,PH-045,B2338,3
2026-11-03,CH-392,PH-069,B3039,1
2026-11-03,CH-072,PH-015,B1443,12
2026-11-03,CH-008,PH-042,B2234,5
2026-11-03,CH-108,PH-007,B1207,26
2026-11-03,CH-239,PH-058,B2726,3
2026-11-03,CH-200,PH-040,B2177,13
2026-11-03,CH-373,PH-072,B3141,6
2026-11-03,CH-355,PH-073,B3165,11
2026-11-03,CH-261,PH-071,B3112,7
2026-11-03,CH-011,PH-075,B3212,6
2026-11-03,CH-091,PH-044,B2305,14
2026-11-03,CH-284,PH-026,B1757,17
2026-11-03,CH-174,PH-017,B1488,1
2026-11-03,CH-092,PH-025,B1724,12
2026-11-03,CH-008,PH-017,B1481,8
2026-11-03,CH-389,PH-006,B1168,1
2026-11-03,CH-288,PH-049,B2457,6
2026-11-03,CH-390,PH-047,B2374,3
2026-11-03,CH-211,PH-041,B2204,7
2026-11-03,CH-192,PH-016,B1462,6
2026-11-03,CH-335,PH-034,B1981,5
2026-11-03,CH-067,PH-018,B1527,15
2026-11-03,CH-172,PH-064,B2925,1
2026-11-03,CH-052,PH-059,B2758,1
2026-11-03,CH-052,PH-001,P-5560,24
2026-11-03,CH-096,PH-031,CS-7731,3
2026-11-03,CH-144,PH-050,B2501,11
2026-11-03,CH-317,PH-067,B2997,14
2026-11-03,CH-301,PH-003,B1064,2
2026-11-03,CH-010,PH-056,B2680,3
2026-11-03,CH-132,PH-019,B1560,1
2026-11-03,CH-291,PH-064,B2907,11
2026-11-03,CH-392,PH-013,IG-3302,7
2026-11-03,CH-024,PH-036,B2045,19
2026-11-03,CH-237,PH-020,B1570,1
2026-11-03,CH-088,PH-038,B2149,5
2026-11-03,CH-376,PH-066,B2967,3
2026-11-03,CH-294,PH-058,B2726,6
2026-11-03,CH-222,PH-002,B1045,7
2026-11-03,CH-125,PH-051,B2508,16
2026-11-03,CH-004,PH-057,B2693,9
2026-11-03,CH-113,PH-038,B2114,4
2026-11-03,CH-176,PH-044,B2295,5
2026-11-03,CH-249,PH-010,B1281,5
2026-11-03,CH-390,PH-070,B3087,4
2026-11-03,CH-271,PH-035,B2018,6
2026-11-03,CH-308,PH-035,B2033,10
2026-11-03,CH-325,PH-037,B2094,13
2026-11-03,CH-094,PH-057,B2700,1
2026-11-03,CH-332,PH-005,B1144,4
2026-11-03,CH-281,PH-009,B1273,9
2026-11-03,CH-189,PH-067,B2981,14
2026-11-04,CH-349,PH-053,B2568,7
2026-11-04,CH-240,PH-059,B2773,4
2026-11-04,CH-062,PH-023,B1676,7
2026-11-04,CH-200,PH-009,B1255,10
2026-11-04,CH-132,PH-040,B2195,3
2026-11-04,CH-064,PH-014,B1399,3
2026-11-04,HS-03,PH-067,B2997,16
2026-11-04,CH-099,PH-028,B1796,9
2026-11-04,CH-204,PH-040,B2182,14
2026-11-04,CH-149,PH-057,B2700,6
2026-11-04,CH-117,PH-024,B1699,4
2026-11-04,CH-070,PH-050,B2491,7
2026-11-04,CH-158,PH-058,B2719,3
2026-11-04,CH-326,PH-044,B2305,18
2026-11-04,CH-109,PH-065,B2938,15
2026-11-04,HS-16,PH-063,B2878,5
2026-11-04,CH-075,PH-037,B2073,19
2026-11-04,CH-276,PH-052,B2561,5
2026-11-04,CH-344,PH-052,B2561,11
2026-11-04,CH-222,PH-073,B3165,14
2026-11-04,CH-167,PH-035,B2018,18
2026-11-04,CH-247,PH-035,B2018,4
2026-11-04,CH-028,PH-048,B2399,4
2026-11-04,CH-086,PH-032,B1904,2
2026-11-04,CH-142,PH-075,B3227,7
2026-11-04,CH-194,PH-017,B1488,12
2026-11-04,CH-103,PH-069,B3069,12
2026-11-04,CH-301,PH-006,B1160,2
2026-11-04,CH-364,PH-011,B1331,3
2026-11-04,CH-086,PH-004,B2231,26
2026-11-04,CH-299,PH-028,B1810,7
2026-11-04,CH-005,PH-022,B1646,5
2026-11-04,CH-330,PH-018,B1533,14
2026-11-04,CH-355,PH-018,B1530,2
2026-11-04,CH-256,PH-073,B3165,9
2026-11-04,CH-352,PH-025,B1710,7
2026-11-04,CH-185,PH-066,B2964,6
2026-11-04,CH-220,PH-033,B1948,2
2026-11-04,CH-083,PH-043,VD-1201,25
2026-11-04,CH-130,PH-016,B1474,5
2026-11-04,CH-244,PH-054,B2622,3
2026-11-04,CH-028,PH-041,B2204,2
2026-11-04,HS-13,PH-007,B1207,22
2026-11-04,CH-300,PH-007,B1197,19
2026-11-04,CH-033,PH-038,B2149,11
2026-11-04,HS-15,PH-056,B2665,1
2026-11-04,CH-198,PH-045,B2324,2
2026-11-04,CH-319,PH-034,B1977,7
2026-11-04,CH-126,PH-030,B1847,4
2026-11-04,CH-174,PH-001,P-5560,4
2026-11-04,CH-151,PH-001,P-5560,24
2026-11-04,CH-159,PH-001,P-5560,34
2026-11-04,CH-134,PH-071,B3118,5
2026-11-04,CH-399,PH-015,B1423,7
2026-11-04,CH-085,PH-070,B3095,2
2026-11-04,CH-036,PH-042,B2250,6
2026-11-04,CH-279,PH-005,B1144,6
2026-11-04,CH-274,PH-010,B1300,10
2026-11-04,CH-185,PH-002,B1042,6
2026-11-04,CH-290,PH-005,B1135,7
2026-11-04,CH-371,PH-064,B2907,14
2026-11-04,CH-068,PH-013,IG-3302,10
2026-11-04,CH-066,PH-036,B2042,12
2026-11-04,CH-145,PH-046,B2367,4
2026-11-04,CH-085,PH-062,B2864,4
2026-11-04,CH-183,PH-051,B2508,8
2026-11-04,CH-027,PH-051,B2523,13
2026-11-04,CH-331,PH-074,B3184,6
2026-11-04,CH-064,PH-019,B1540,4
2026-11-04,CH-332,PH-027,B1781,5
2026-11-04,CH-071,PH-026,B1737,19
2026-11-04,CH-134,PH-015,B1430,1
2026-11-04,CH-097,PH-021,B1622,3
2026-11-04,CH-181,PH-060,B2806,1
2026-11-04,CH-061,PH-072,B3141,7
2026-11-04,CH-339,PH-068,B3015,2
2026-11-04,CH-398,PH-012,B1366,5
2026-11-04,CH-128,PH-061,B2827,18
2026-11-04,CH-229,PH-029,B1831,5
2026-11-04,CH-289,PH-031,CS-7790,4
2026-11-04,CH-206,PH-039,B2158,18
2026-11-04,CH-070,PH-029,B1831,4
2026-11-04,CH-212,PH-003,B1092,2
2026-11-04,CH-384,PH-049,B2466,4
2026-11-05,CH-125,PH-037,B2070,16
2026-11-05,CH-180,PH-064,B2925,16
2026-11-05,CH-132,PH-011,B1331,7
2026-11-05,CH-215,PH-038,B2130,6
2026-11-05,CH-273,PH-003,B1083,1
2026-11-05,CH-092,PH-012,B1366,10
2026-11-05,CH-283,PH-028,B1810,11
2026-11-05,CH-364,PH-072,B3155,6
2026-11-05,CH-152,PH-047,B2374,1
2026-11-05,CH-325,PH-013,IG-3302,14
2026-11-05,CH-037,PH-046,B2367,4
2026-11-05,CH-085,PH-020,B1579,4
2026-11-05,CH-073,PH-065,B2938,7
2026-11-05,CH-111,PH-057,B2693,7
2026-11-05,CH-325,PH-001,P-5560,5
2026-11-05,CH-350,PH-067,B2997,24
2026-11-05,CH-188,PH-018,B1530,22
2026-11-05,CH-263,PH-025,B1716,9
2026-11-05,CH-209,PH-063,B2899,7
2026-11-05,CH-332,PH-006,B1171,2
2026-11-05,CH-256,PH-044,B2305,21
2026-11-05,CH-186,PH-058,B2740,10
2026-11-05,CH-323,PH-073,B3160,11
2026-11-05,CH-073,PH-035,B2006,9
2026-11-05,CH-397,PH-075,B3237,5
2026-11-05,CH-346,PH-075,B3237,8
2026-11-05,CH-088,PH-017,B1499,18
2026-11-05,CH-382,PH-054,B2593,1
2026-11-05,CH-031,PH-041,B2217,5
2026-11-05,CH-090,PH-040,B2195,13
2026-11-05,CH-200,PH-001,P-5560,30
2026-11-05,HS-05,PH-051,B2523,11
2026-11-05,CH-191,PH-007,B1179,20
2026-11-05,CH-129,PH-043,VD-1201,15
2026-11-05,CH-314,PH-001,P-5560,14
2026-11-05,CH-216,PH-043,VD-1201,15
2026-11-05,CH-275,PH-042,B2250,3
2026-11-05,CH-102,PH-001,P-5560,11
2026-11-05,CH-231,PH-068,B3015,5
2026-11-05,CH-179,PH-024,B1695,2
2026-11-05,CH-100,PH-002,B1042,5
2026-11-05,CH-132,PH-056,B2680,2
2026-11-05,CH-156,PH-070,B3095,7
2026-11-05,CH-312,PH-031,CS-7731,2
2026-11-05,CH-340,PH-034,B1981,10
2026-11-05,CH-136,PH-019,B1540,1
2026-11-05,CH-332,PH-051,B2523,8
2026-11-05,CH-140,PH-008,B1227,1
2026-11-05,CH-189,PH-050,B2475,11
2026-11-05,CH-018,PH-021,B1595,4
2026-11-05,CH-236,PH-009,B1273,3
2026-11-05,CH-303,PH-015,B1423,10
2026-11-05,CH-317,PH-036,B2045,19
2026-11-05,CH-189,PH-061,B2813,6
2026-11-05,CH-120,PH-061,B2827,4
2026-11-05,CH-305,PH-036,B2042,6
2026-11-05,HS-03,PH-039,B2165,11
2026-11-05,CH-390,PH-039,B2158,5
2026-11-05,CH-236,PH-027,B1781,11
2026-11-05,CH-222,PH-062,B2864,10
2026-11-05,CH-122,PH-014,B1399,3
2026-11-05,CH-048,PH-029,B1837,9
2026-11-05,CH-309,PH-048,B2430,4
2026-11-05,CH-211,PH-029,B1826,11
2026-11-05,CH-273,PH-032,B1910,3
2026-11-05,CH-085,PH-052,B2547,24
2026-11-05,CH-165,PH-065,B2957,5
2026-11-05,CH-029,PH-065,B2957,7
2026-11-05,CH-200,PH-066,B2964,10
2026-11-05,CH-373,PH-059,B2758,1
2026-11-05,CH-147,PH-007,B1179,17
2026-11-05,CH-350,PH-022,B1646,5
2026-11-05,CH-312,PH-074,B3184,10
2026-11-05,CH-031,PH-010,B1281,6
2026-11-05,CH-050,PH-049,B2442,4
2026-11-05,CH-118,PH-005,B1140,5
2026-11-05,CH-151,PH-053,B2576,9
2026-11-05,CH-110,PH-023,B1671,3
2026-11-05,CH-175,PH-016,B1454,4
2026-11-05,HS-08,PH-071,B3118,6
2026-11-05,CH-337,PH-030,B1847,3
2026-11-05,CH-121,PH-069,B3069,9
2026-11-05,CH-077,PH-060,B2794,4
2026-11-05,CH-225,PH-026,B1757,18
2026-11-05,CH-384,PH-033,B1959,5
2026-11-05,CH-324,PH-016,B1462,8
2026-11-06,CH-210,PH-074,B3184,9
2026-11-06,CH-023,PH-001,P-5560,28
2026-11-06,CH-335,PH-003,B1083,6
2026-11-06,CH-120,PH-001,P-5560,19
2026-11-06,HS-16,PH-001,P-5560,7
2026-11-06,CH-076,PH-069,B3058,11
2026-11-06,CH-124,PH-006,B1171,2
2026-11-06,CH-131,PH-007,B1207,23
2026-11-06,CH-251,PH-065,B2938,11
2026-11-06,CH-313,PH-065,B2948,9
2026-11-06,CH-169,PH-066,B2967,4
2026-11-06,HS-15,PH-010,B1281,4
2026-11-06,CH-174,PH-010,B1281,5
2026-11-06,CH-162,PH-005,B1135,7
2026-11-06,CH-076,PH-071,B3118,5
2026-11-06,CH-317,PH-072,B3150,6
2026-11-06,CH-194,PH-009,B1269,5
2026-11-06,CH-133,PH-004,B2231,26
2026-11-06,HS-03,PH-075,B3227,3
2026-11-06,CH-045,PH-073,B3177,18
2026-11-06,CH-162,PH-002,B1042,9
2026-11-06,CH-202,PH-067,B2997,6
2026-11-06,CH-391,PH-067,B3007,17
2026-11-06,CH-117,PH-008,B1227,3
2026-11-06,CH-038,PH-070,B3103,5
2026-11-06,CH-124,PH-068,B3028,5
2026-11-06,CH-189,PH-007,B1179,12
2026-11-06,CH-377,PH-011,B1331,6
2026-11-06,CH-043,PH-004,B2231,26
2026-11-06,CH-303,PH-018,B1527,23
2026-11-06,CH-043,PH-049,B2442,9
2026-11-06,CH-303,PH-032,B1904,3
2026-11-06,CH-316,PH-043,VD-1201,18
2026-11-06,CH-386,PH-056,B2658,6
2026-11-06,CH-012,PH-031,CS-7731,4
2026-11-06,CH-085,PH-044,B2305,14
2026-11-06,CH-084,PH-055,B2648,1
2026-11-06,CH-388,PH-063,B2891,3
2026-11-06,CH-136,PH-030,B1847,3
2026-11-06,CH-064,PH-045,B2318,1
2026-11-06,CH-365,PH-029,B1831,12
2026-11-06,CH-230,PH-046,B2360,4
2026-11-06,CH-164,PH-047,B2386,2
2026-11-06,CH-251,PH-054,B2593,6
2026-11-06,CH-270,PH-021,B1609,3
2026-11-06,CH-223,PH-033,B1959,4
2026-11-06,CH-092,PH-028,B1810,3
2026-11-06,CH-212,PH-053,B2585,5
2026-11-06,CH-377,PH-027,B1781,9
2026-11-06,CH-125,PH-060,B2782,2
2026-11-06,CH-223,PH-022,B1656,8
2026-11-06,CH-138,PH-052,B2547,3
2026-11-06,CH-392,PH-014,B1399,2
2026-11-06,HS-04,PH-026,B1757,24
2026-11-06,CH-104,PH-050,B2475,15
2026-11-06,CH-270,PH-052,B2547,23
2026-11-06,CH-396,PH-023,B1676,12
2026-11-06,CH-316,PH-012,B1366,1
2026-11-06,CH-392,PH-025,B1710,8
2026-11-06,CH-198,PH-051,B2519,17
2026-11-06,CH-390,PH-024,B1695,1
2026-11-06,CH-093,PH-048,B2430,3
2026-11-06,CH-267,PH-019,B1540,4
2026-11-06,CH-325,PH-020,B1587,4
2026-11-06,CH-355,PH-061,B2827,8
2026-11-06,CH-350,PH-038,B2130,10
2026-11-06,CH-140,PH-038,B2130,2
2026-11-06,CH-336,PH-016,B1454,11
2026-11-06,CH-223,PH-037,B2094,24
2026-11-06,CH-026,PH-039,B2165,10
2026-11-06,CH-067,PH-059,B2758,4
2026-11-06,CH-029,PH-017,B1499,7
2026-11-06,CH-084,PH-036,B2055,1
2026-11-06,HS-05,PH-036,B2055,23
2026-11-06,CH-163,PH-040,B2182,6
2026-11-06,CH-235,PH-040,B2195,6
2026-11-06,CH-044,PH-017,B1499,4
2026-11-06,CH-388,PH-058,B2726,12
2026-11-06,CH-152,PH-035,B2006,14
2026-11-06,CH-214,PH-041,B2204,7
2026-11-06,CH-091,PH-062,B2864,3
2026-11-06,CH-289,PH-057,B2693,6
2026-11-06,CH-391,PH-015,B1443,15
2026-11-06,CH-075,PH-034,B1981,12
2026-11-06,CH-276,PH-042,B2250,3
2026-11-06,CH-290,PH-013,IG-3302,16
2026-11-06,CH-346,PH-064,B2925,17
2026-11-06,CH-130,PH-015,B1443,6
2026-11-07,CH-374,PH-023,B1676,9
2026-11-07,CH-034,PH-019,B1540,3
2026-11-07,CH-241,PH-016,B1454,1
2026-11-07,CH-354,PH-009,B1273,10
2026-11-07,CH-009,PH-059,B2761,2
2026-11-07,CH-314,PH-056,B2665,1
2026-11-07,CH-295,PH-024,B1695,5
2026-11-07,CH-018,PH-052,B2541,28
2026-11-07,CH-010,PH-069,B3069,15
2026-11-07,CH-180,PH-007,B1207,9
2026-11-07,CH-012,PH-067,B2981,21
2026-11-07,CH-258,PH-057,B2700,6
2026-11-07,CH-148,PH-068,B3015,5
2026-11-07,CH-351,PH-067,B2981,2
2026-11-07,CH-056,PH-053,B2568,2
2026-11-07,CH-203,PH-007,B1207,5
2026-11-07,CH-057,PH-017,B1488,10
2026-11-07,CH-144,PH-021,B1622,5
2026-11-07,CH-063,PH-008,B1227,1
2026-11-07,CH-091,PH-007,B1197,5
2026-11-07,CH-023,PH-054,B2622,3
2026-11-07,CH-054,PH-007,B1207,16
2026-11-07,CH-050,PH-018,B1527,19
2026-11-07,HS-02,PH-022,B1646,3
2026-11-07,CH-382,PH-058,B2719,11
2026-11-07,CH-012,PH-012,B1334,6
2026-11-07,CH-086,PH-051,B2508,9
2026-11-07,CH-043,PH-033,B1931,8
2026-11-07,CH-085,PH-074,B3203,5
2026-11-07,CH-330,PH-001,P-5560,23
2026-11-07,CH-273,PH-001,P-5560,11
2026-11-07,CH-165,PH-001,P-5560,18
2026-11-07,CH-079,PH-001,P-5560,12
2026-11-07,CH-134,PH-001,P-5560,8
2026-11-07,CH-196,PH-042,B2244,5
2026-11-07,CH-279,PH-034,B1997,8
2026-11-07,CH-110,PH-032,B1904,4
2026-11-07,CH-040,PH-041,B2225,8
2026-11-07,CH-321,PH-075,B3237,6
2026-11-07,CH-038,PH-075,B3237,4
2026-11-07,CH-058,PH-040,B2177,13
2026-11-07,CH-181,PH-036,B2055,20
2026-11-07,CH-185,PH-039,B2158,15
2026-11-07,CH-372,PH-036,B2042,1
2026-11-07,CH-155,PH-037,B2094,10
2026-11-07,CH-199,PH-038,B2130,3
2026-11-07,CH-035,PH-038,B2114,8
2026-11-07,CH-110,PH-035,B2006,11
2026-11-07,CH-270,PH-070,B3095,5
2026-11-07,CH-013,PH-043,VD-1201,5
2026-11-07,CH-068,PH-031,CS-7790,5
2026-11-07,CH-238,PH-051,B2523,5
2026-11-07,CH-028,PH-006,B1160,1
2026-11-07,CH-186,PH-050,B2501,16
2026-11-07,CH-022,PH-026,B1737,17
2026-11-07,CH-063,PH-071,B3118,4
2026-11-07,HS-15,PH-005,B1140,5
2026-11-07,CH-342,PH-005,B1135,5
2026-11-07,CH-381,PH-049,B2442,4
2026-11-07,CH-252,PH-027,B1781,9
2026-11-07,CH-304,PH-043,VD-1201,17
2026-11-07,CH-224,PH-048,B2414,6
2026-11-07,CH-069,PH-072,B3155,7
2026-11-07,CH-329,PH-047,B2374,1
2026-11-07,CH-051,PH-003,B1083,5
2026-11-07,CH-224,PH-046,B2360,4
2026-11-07,CH-243,PH-029,B1826,7
2026-11-07,CH-230,PH-030,B1854,2
2026-11-07,CH-297,PH-044,B2305,15
2026-11-07,CH-336,PH-073,B3160,16
2026-11-07,CH-364,PH-002,B1052,9
2026-11-07,CH-389,PH-028,B1796,11
2026-11-07,CH-046,PH-060,B2782,5
2026-11-07,CH-287,PH-025,B1716,10
2026-11-07,CH-340,PH-062,B2864,7
2026-11-07,CH-071,PH-063,B2878,5
2026-11-07,CH-268,PH-010,B1281,4
2026-11-07,CH-012,PH-015,B1423,7
2026-11-07,CH-046,PH-015,B1423,6
2026-11-07,CH-282,PH-066,B2967,2
2026-11-07,CH-109,PH-011,B1310,13
2026-11-07,CH-141,PH-014,B1405,2
2026-11-07,CH-286,PH-064,B2925,16
2026-11-07,CH-142,PH-061,B2827,15
2026-11-07,HS-05,PH-013,IG-3302,12
2026-11-07,CH-056,PH-065,B2938,22
2026-11-08,CH-091,PH-023,B1676,6
2026-11-08,CH-148,PH-018,B1527,17
2026-11-08,CH-124,PH-056,B2680,1
2026-11-08,CH-080,PH-048,B2430,5
2026-11-08,CH-310,PH-028,B1791,6
2026-11-08,CH-355,PH-066,B2967,4
2026-11-08,CH-195,PH-027,B1764,14
2026-11-08,CH-169,PH-058,B2726,10
2026-11-08,CH-157,PH-072,B3155,14
2026-11-08,CH-314,PH-020,B1579,4
2026-11-08,CH-381,PH-052,B2541,3
2026-11-08,CH-326,PH-047,B2383,1
2026-11-08,CH-075,PH-065,B2948,2
2026-11-08,CH-329,PH-034,B1977,6
2026-11-08,CH-256,PH-070,B3095,2
2026-11-08,CH-285,PH-052,B2547,20
2026-11-08,CH-244,PH-015,B1443,14
2026-11-08,CH-096,PH-014,B1399,3
2026-11-08,CH-315,PH-049,B2442,8
2026-11-08,CH-389,PH-074,B3203,3
2026-11-08,CH-182,PH-051,B2519,15
2026-11-08,CH-299,PH-062,B2874,6
2026-11-08,HS-17,PH-008,B1247,1
2026-11-08,CH-367,PH-025,B1716,7
2026-11-08,CH-088,PH-040,B2195,5
2026-11-08,CH-070,PH-061,B2827,10
2026-11-08,CH-134,PH-040,B2182,8
2026-11-08,CH-210,PH-057,B2683,5
2026-11-08,CH-222,PH-057,B2693,6
2026-11-08,CH-180,PH-050,B2501,15
2026-11-08,CH-212,PH-026,B1757,19
2026-11-08,CH-003,PH-026,B1737,5
2026-11-08,CH-324,PH-011,B1314,4
2026-11-08,CH-171,PH-024,B1703,4
2026-11-08,CH-166,PH-075,B3237,13
2026-11-08,CH-018,PH-071,B3112,2
2026-11-08,CH-314,PH-036,B2045,5
2026-11-08,CH-287,PH-041,B2217,6
2026-11-08,CH-383,PH-038,B2130,9
2026-11-08,CH-326,PH-005,B1140,5
2026-11-08,CH-350,PH-007,B1197,16
2026-11-08,CH-035,PH-003,B1064,6
2026-11-08,CH-253,PH-067,B2997,16
2026-11-08,CH-075,PH-035,B2018,15
2026-11-08,CH-177,PH-068,B3028,8
2026-11-08,CH-278,PH-032,B1904,2
2026-11-08,CH-096,PH-043,VD-1201,21
2026-11-08,CH-082,PH-044,B2310,14
2026-11-08,CH-400,PH-065,B2938,26
2026-11-08,CH-202,PH-063,B2891,6
2026-11-08,CH-252,PH-043,VD-1201,4
2026-11-08,CH-397,PH-073,B3177,22
2026-11-08,CH-150,PH-013,IG-3302,16
2026-11-08,CH-078,PH-039,B2158,6
2026-11-08,CH-163,PH-001,P-5560,11
2026-11-08,CH-006,PH-001,P-5560,33
2026-11-08,CH-192,PH-060,B2794,3
2026-11-08,CH-058,PH-001,P-5560,1
2026-11-08,CH-059,PH-021,B1609,3
2026-11-08,CH-389,PH-002,B1045,10
2026-11-08,CH-254,PH-031,CS-7790,7
2026-11-08,CH-071,PH-016,B1454,9
2026-11-08,CH-177,PH-001,P-5560,10
2026-11-08,CH-250,PH-009,B1255,11
2026-11-08,CH-251,PH-037,B2070,12
2026-11-08,CH-079,PH-069,B3039,12
2026-11-08,CH-212,PH-046,B2367,4
2026-11-08,CH-392,PH-042,B2234,5
2026-11-08,CH-034,PH-007,B1179,14
2026-11-08,CH-217,PH-017,B1499,9
2026-11-08,CH-130,PH-007,B1207,8
2026-11-08,CH-322,PH-017,B1488,5
2026-11-08,CH-004,PH-029,B1831,8
2026-11-08,CH-032,PH-036,B2042,15
2026-11-08,CH-279,PH-033,B1959,2
2026-11-08,CH-050,PH-010,B1277,11
2026-11-08,CH-152,PH-059,B2758,2
2026-11-08,CH-222,PH-045,B2324,1
2026-11-08,CH-315,PH-054,B2593,6
2026-11-08,CH-061,PH-030,B1847,5
2026-11-08,HS-17,PH-022,B1656,2
2026-11-08,CH-030,PH-053,B2585,8
2026-11-08,CH-265,PH-064,B2925,16
2026-11-08,CH-389,PH-012,B1355,9
2026-11-08,CH-063,PH-039,B2165,21
2026-11-09,CH-289,PH-054,B2605,6
2026-11-09,CH-093,PH-040,B2195,18
2026-11-09,CH-179,PH-035,B2006,11
2026-11-09,CH-096,PH-024,B1695,3
2026-11-09,CH-286,PH-021,B1622,6
2026-11-09,CH-017,PH-053,B2568,5
2026-11-09,CH-250,PH-004,B2231,26
2026-11-09,CH-049,PH-023,B1671,3
2026-11-09,CH-327,PH-023,B1690,5
2026-11-09,CH-084,PH-011,B1331,5
2026-11-09,CH-177,PH-022,B1656,6
2026-11-09,CH-015,PH-069,B3039,10
2026-11-09,CH-128,PH-052,B2547,22
2026-11-09,CH-202,PH-011,B1314,2
2026-11-09,CH-354,PH-010,B1300,5
2026-11-09,CH-232,PH-014,B1399,2
2026-11-09,CH-066,PH-051,B2508,27
2026-11-09,CH-235,PH-062,B2874,5
2026-11-09,CH-132,PH-029,B1837,4
2026-11-09,HS-08,PH-042,B2244,6
2026-11-09,CH-019,PH-002,B1042,6
2026-11-09,CH-085,PH-045,B2324,3
2026-11-09,HS-15,PH-030,B1854,3
2026-11-09,CH-104,PH-064,B2907,17
2026-11-09,CH-192,PH-044,B2305,15
2026-11-09,CH-236,PH-063,B2899,5
2026-11-09,CH-170,PH-046,B2360,3
2026-11-09,CH-204,PH-073,B3165,16
2026-11-09,CH-193,PH-031,CS-7790,2
2026-11-09,CH-230,PH-001,P-5560,17
2026-11-09,CH-041,PH-001,P-5560,20
2026-11-09,CH-156,PH-043,VD-1201,23
2026-11-09,HS-04,PH-013,IG-3302,3
2026-11-09,CH-027,PH-013,IG-3302,10
2026-11-09,CH-022,PH-033,B1931,7
2026-11-09,CH-064,PH-013,IG-3302,10
2026-11-09,CH-308,PH-001,P-5560,18
2026-11-09,CH-182,PH-070,B3095,6
2026-11-09,CH-147,PH-003,B1064,6
2026-11-09,CH-217,PH-065,B2957,13
2026-11-09,CH-382,PH-025,B1710,7
2026-11-09,CH-023,PH-006,B1171,1
2026-11-09,CH-296,PH-050,B2501,9
2026-11-09,CH-080,PH-026,B1757,13
2026-11-09,CH-359,PH-026,B1757,5
2026-11-09,CH-332,PH-075,B3237,7
2026-11-09,CH-261,PH-071,B3112,4
2026-11-09,CH-153,PH-005,B1140,3
2026-11-09,CH-370,PH-034,B1997,10
2026-11-09,HS-16,PH-005,B1135,10
2026-11-09,HS-07,PH-049,B2457,10
2026-11-09,CH-168,PH-027,B1773,11
2026-11-09,CH-208,PH-048,B2414,9
2026-11-09,CH-269,PH-028,B1796,5
2026-11-09,CH-343,PH-047,B2374,3
2026-11-09,CH-063,PH-065,B2948,16
2026-11-09,CH-036,PH-072,B3155,12
2026-11-09,CH-311,PH-034,B1981,1
2026-11-09,CH-301,PH-041,B2204,10
2026-11-09,CH-154,PH-007,B1207,31
2026-11-09,CH-174,PH-074,B3203,10
2026-11-09,CH-338,PH-066,B2975,12
2026-11-09,CH-291,PH-012,B1334,9
2026-11-09,CH-373,PH-057,B2683,6
2026-11-09,CH-354,PH-016,B1474,5
2026-11-09,CH-163,PH-058,B2726,7
2026-11-09,CH-035,PH-008,B1221,2
2026-11-09,CH-168,PH-038,B2130,1
2026-11-09,CH-247,PH-039,B2165,11
2026-11-09,CH-038,PH-015,B1443,4
2026-11-09,CH-037,PH-061,B2841,14
2026-11-09,CH-171,PH-017,B1499,11
2026-11-09,CH-359,PH-059,B2773,2
2026-11-09,CH-348,PH-009,B1255,6
2026-11-09,CH-197,PH-067,B2997,1
2026-11-09,CH-161,PH-036,B2055,2
2026-11-09,CH-117,PH-039,B2165,5
2026-11-09,CH-288,PH-017,B1488,6
2026-11-09,CH-293,PH-037,B2094,10
2026-11-09,CH-197,PH-020,B1579,2
2026-11-09,HS-18,PH-056,B2665,3
2026-11-09,CH-247,PH-067,B2997,28
2026-11-09,CH-002,PH-018,B1527,1
2026-11-09,CH-208,PH-060,B2794,1
2026-11-09,CH-203,PH-015,B1443,10
2026-11-09,CH-010,PH-018,B1533,14
2026-11-09,CH-199,PH-038,B2130,8
2026-11-09,CH-365,PH-036,B2045,22
2026-11-09,CH-381,PH-068,B3015,3
2026-11-10,CH-164,PH-006,B1171,1
2026-11-10,CH-354,PH-018,B1533,1
2026-11-10,CH-281,PH-062,B2874,5
2026-11-10,CH-057,PH-043,VD-1201,19
2026-11-10,CH-359,PH-040,B2195,12
2026-11-10,CH-304,PH-003,B1083,8
2026-11-10,CH-014,PH-067,B2997,23
2026-11-10,CH-396,PH-060,B2794,4
2026-11-10,CH-307,PH-051,B2523,5
2026-11-10,CH-100,PH-051,B2508,13
2026-11-10,CH-391,PH-018,B1533,6
2026-11-10,CH-171,PH-001,P-5560,19
2026-11-10,CH-047,PH-036,B2042,17
2026-11-10,CH-161,PH-001,P-5560,8
2026-11-10,CH-237,PH-024,B1695,2
2026-11-10,CH-210,PH-004,B2231,26
2026-11-10,HS-10,PH-046,B2360,8
2026-11-10,CH-336,PH-023,B1671,7
2026-11-10,CH-361,PH-056,B2665,2
2026-11-10,CH-275,PH-070,B3103,2
2026-11-10,HS-04,PH-044,B2310,8
2026-11-10,CH-185,PH-001,P-5560,14
2026-11-10,CH-395,PH-038,B2149,8
2026-11-10,CH-225,PH-048,B2430,2
2026-11-10,CH-314,PH-073,B3165,7
2026-11-10,CH-278,PH-073,B3160,6
2026-11-10,CH-253,PH-065,B2948,8
2026-11-10,CH-055,PH-065,B2948,19
2026-11-10,CH-041,PH-027,B1773,8
2026-11-10,CH-205,PH-028,B1791,4
2026-11-10,HS-11,PH-041,B2225,5
2026-11-10,CH-296,PH-049,B2466,1
2026-11-10,CH-002,PH-005,B1135,9
2026-11-10,CH-069,PH-037,B2094,17
2026-11-10,CH-210,PH-047,B2374,1
2026-11-10,CH-400,PH-071,B3112,5
2026-11-10,CH-269,PH-016,B1462,5
2026-11-10,CH-049,PH-025,B1710,11
2026-11-10,CH-031,PH-063,B2891,6
2026-11-10,CH-311,PH-072,B3150,6
2026-11-10,CH-217,PH-031,CS-7790,5
2026-11-10,CH-332,PH-031,CS-7790,1
2026-11-10,CH-147,PH-026,B1737,16
2026-11-10,CH-282,PH-009,B1269,4
2026-11-10,CH-391,PH-075,B3237,5
2026-11-10,CH-338,PH-057,B2700,4
2026-11-10,CH-175,PH-034,B1977,12
2026-11-10,CH-313,PH-050,B2491,7
2026-11-10,CH-188,PH-015,B1430,11
2026-11-10,CH-284,PH-061,B2841,19
2026-11-10,CH-189,PH-004,B2231,26
2026-11-10,CH-392,PH-001,P-5560,26
2026-11-10,CH-289,PH-044,B2305,5
2026-11-10,CH-388,PH-058,B2726,10
2026-11-10,CH-126,PH-014,B1399,1
2026-11-10,CH-250,PH-018,B1527,11
2026-11-10,CH-316,PH-012,B1366,9
2026-11-10,CH-170,PH-066,B2967,5
2026-11-10,CH-250,PH-007,B1179,10
2026-11-10,CH-082,PH-010,B1300,8
2026-11-10,CH-055,PH-035,B2018,13
2026-11-10,CH-078,PH-029,B1826,10
2026-11-10,CH-346,PH-002,B1052,3
2026-11-10,CH-336,PH-039,B2158,5
2026-11-10,CH-090,PH-007,B1207,16
2026-11-10,CH-349,PH-042,B2234,8
2026-11-10,CH-155,PH-032,B1922,4
2026-11-10,CH-145,PH-011,B1331,8
2026-11-10,CH-052,PH-045,B2318,2
2026-11-10,CH-008,PH-054,B2593,2
2026-11-10,HS-19,PH-033,B1948,6
2026-11-10,CH-072,PH-013,IG-3302,15
2026-11-10,CH-009,PH-022,B1646,7
2026-11-10,CH-384,PH-069,B3069,9
2026-11-10,CH-187,PH-068,B3015,3
2026-11-10,CH-017,PH-053,B2568,5
2026-11-10,CH-382,PH-013,IG-3302,8
2026-11-10,CH-355,PH-021,B1609,2
2026-11-10,CH-353,PH-017,B1481,12
2026-11-10,CH-186,PH-074,B3206,5
2026-11-10,CH-183,PH-020,B1570,2
2026-11-10,CH-374,PH-052,B2547,1
2026-11-10,CH-220,PH-059,B2761,2
2026-11-10,CH-113,PH-052,B2541,7
2026-11-10,CH-003,PH-052,B2541,12
2026-11-10,CH-384,PH-030,B1857,2
2026-11-10,CH-016,PH-064,B2907,15
2026-11-10,CH-125,PH-052,B2541,8
2026-11-10,CH-247,PH-052,B2547,9
2026-11-11,CH-004,PH-054,B2605,2
2026-11-11,HS-08,PH-016,B1462,9
2026-11-11,HS-04,PH-074,B3206,5
2026-11-11,HS-18,PH-068,B3025,5
2026-11-11,CH-135,PH-057,B2693,5
2026-11-11,CH-177,PH-031,CS-7790,10
2026-11-11,CH-363,PH-002,B1042,7
2026-11-11,CH-315,PH-021,B1595,4
2026-11-11,CH-284,PH-026,B1757,19
2026-11-11,CH-189,PH-072,B3141,1
2026-11-11,CH-018,PH-071,B3112,3
2026-11-11,CH-311,PH-049,B2457,2
2026-11-11,CH-153,PH-063,B2891,4
2026-11-11,CH-305,PH-014,B1399,7
2026-11-11,CH-019,PH-047,B2374,2
2026-11-11,CH-071,PH-048,B2399,6
2026-11-11,CH-353,PH-065,B2938,18
2026-11-11,CH-150,PH-059,B2773,2
2026-11-11,CH-285,PH-041,B2217,8
2026-11-11,CH-323,PH-073,B3160,20
2026-11-11,CH-399,PH-007,B1179,15
2026-11-11,CH-029,PH-007,B1207,22
2026-11-11,CH-273,PH-027,B1773,6
2026-11-11,CH-182,PH-027,B1773,5
2026-11-11,CH-285,PH-073,B3165,3
2026-11-11,CH-116,PH-039,B2168,5
2026-11-11,CH-104,PH-039,B2158,12
2026-11-11,CH-009,PH-028,B1796,10
2026-11-11,CH-040,PH-033,B1959,2
2026-11-11,CH-144,PH-011,B1331,5
2026-11-11,CH-254,PH-067,B3007,5
2026-11-11,CH-126,PH-074,B3184,3
2026-11-11,CH-210,PH-005,B1135,9
2026-11-11,CH-067,PH-034,B1977,5
2026-11-11,CH-165,PH-037,B2094,22
2026-11-11,CH-074,PH-009,B1269,4
2026-11-11,CH-295,PH-012,B1334,7
2026-11-11,CH-171,PH-067,B3007,14
2026-11-11,CH-033,PH-051,B2523,12
2026-11-11,CH-240,PH-013,IG-3302,10
2026-11-11,CH-335,PH-008,B1227,2
2026-11-11,CH-375,PH-062,B2854,7
2026-11-11,CH-084,PH-022,B1656,5
2026-11-11,CH-016,PH-035,B2006,11
2026-11-11,CH-384,PH-018,B1533,6
2026-11-11,HS-05,PH-046,B2367,5
2026-11-11,CH-314,PH-075,B3227,7
2026-11-11,CH-355,PH-001,P-5560,38
2026-11-11,CH-260,PH-052,B2541,25
2026-11-11,CH-245,PH-044,B2295,11
2026-11-11,CH-025,PH-070,B3087,2
2026-11-11,CH-098,PH-064,B2907,15
2026-11-11,CH-281,PH-024,B1703,5
2026-11-11,CH-332,PH-018,B1533,10
2026-11-11,CH-218,PH-069,B3069,10
2026-11-11,CH-223,PH-029,B1837,10
2026-11-11,CH-188,PH-051,B2519,13
2026-11-11,CH-153,PH-060,B2794,5
2026-11-11,CH-087,PH-020,B1579,2
2026-11-11,CH-290,PH-040,B2177,15
2026-11-11,CH-391,PH-036,B2055,16
2026-11-11,CH-144,PH-043,VD-1201,23
2026-11-11,CH-217,PH-006,B1171,2
2026-11-11,CH-007,PH-058,B2726,13
2026-11-11,HS-17,PH-017,B1499,19
2026-11-11,CH-119,PH-061,B2841,12
2026-11-11,CH-132,PH-023,B1690,8
2026-11-11,CH-353,PH-004,B2231,25
2026-11-11,CH-278,PH-050,B2475,8
2026-11-11,CH-136,PH-030,B1847,3
2026-11-11,CH-339,PH-032,B1904,5
2026-11-11,CH-164,PH-003,B1092,5
2026-11-11,CH-236,PH-045,B2338,1
2026-11-11,CH-263,PH-015,B1430,11
2026-11-11,CH-221,PH-042,B2250,6
2026-11-11,CH-146,PH-038,B2149,11
2026-11-11,CH-282,PH-010,B1281,5
2026-11-11,CH-263,PH-025,B1716,8
2026-11-11,CH-137,PH-001,P-5560,23
2026-11-11,CH-345,PH-056,B2658,3
2026-11-11,CH-063,PH-066,B2967,6
2026-11-11,CH-229,PH-055,B2642,2
2026-11-11,CH-132,PH-053,B2585,3
2026-11-11,CH-047,PH-004,B2231,25
2026-11-12,CH-024,PH-046,B2360,6
2026-11-12,CH-380,PH-064,B2925,14
2026-11-12,CH-310,PH-059,B2758,2
2026-11-12,CH-105,PH-042,B2244,4
2026-11-12,CH-222,PH-017,B1488,11
2026-11-12,CH-367,PH-013,IG-3302,12
2026-11-12,CH-298,PH-028,B1810,5
2026-11-12,CH-112,PH-009,B1255,2
2026-11-12,CH-040,PH-009,B1273,7
2026-11-12,CH-156,PH-029,B1831,7
2026-11-12,CH-365,PH-034,B1981,9
2026-11-12,CH-084,PH-003,B1092,5
2026-11-12,CH-357,PH-038,B2149,15
2026-11-12,CH-021,PH-066,B2975,7
2026-11-12,CH-352,PH-072,B3141,10
2026-11-12,CH-047,PH-002,B1042,3
2026-11-12,CH-079,PH-044,B2295,14
2026-11-12,CH-357,PH-058,B2740,13
2026-11-12,HS-09,PH-050,B2501,12
2026-11-12,CH-338,PH-048,B2430,3
2026-11-12,CH-009,PH-070,B3095,5
2026-11-12,CH-091,PH-018,B1530,13
2026-11-12,CH-070,PH-065,B2948,20
2026-11-12,CH-333,PH-019,B1540,4
2026-11-12,CH-306,PH-024,B1695,3
2026-11-12,CH-310,PH-056,B2658,2
2026-11-12,CH-092,PH-023,B1690,5
2026-11-12,CH-362,PH-014,B1410,2
2026-11-12,CH-240,PH-001,P-5560,21
2026-11-12,CH-218,PH-061,B2841,5
2026-11-12,CH-185,PH-052,B2541,30
2026-11-12,CH-397,PH-001,P-5560,37
2026-11-12,CH-140,PH-020,B1579,2
2026-11-12,CH-017,PH-069,B3039,15
2026-11-12,CH-296,PH-062,B2874,5
2026-11-12,CH-129,PH-074,B3206,7
2026-11-12,CH-375,PH-060,B2782,3
2026-11-12,CH-130,PH-010,B1300,5
2026-11-12,CH-185,PH-061,B2813,3
2026-11-12,CH-391,PH-053,B2585,7
2026-11-12,CH-187,PH-032,B1904,2
2026-11-12,CH-013,PH-035,B2006,18
2026-11-12,CH-202,PH-021,B1609,5
2026-11-12,CH-350,PH-068,B3025,2
2026-11-12,CH-244,PH-037,B2094,13
2026-11-12,CH-042,PH-054,B2622,7
2026-11-12,CH-044,PH-011,B1331,2
2026-11-12,CH-155,PH-007,B1207,30
2026-11-12,CH-111,PH-007,B1197,8
2026-11-12,CH-177,PH-033,B1959,7
2026-11-12,CH-068,PH-022,B1656,6
2026-11-12,CH-145,PH-008,B1247,4
2026-11-12,CH-184,PH-051,B2523,16
2026-11-12,CH-061,PH-043,VD-1201,14
2026-11-12,CH-026,PH-041,B2217,5
2026-11-12,CH-253,PH-027,B1773,5
2026-11-12,CH-301,PH-027,B1764,7
2026-11-12,CH-350,PH-065,B2948,5
2026-11-12,CH-117,PH-065,B2948,4
2026-11-12,CH-270,PH-073,B3165,17
2026-11-12,CH-106,PH-015,B1443,12
2026-11-12,CH-035,PH-039,B2158,12
2026-11-12,CH-177,PH-067,B3007,25
2026-11-12,CH-371,PH-005,B1135,6
2026-11-12,CH-071,PH-016,B1454,12
2026-11-12,CH-158,PH-006,B1160,2
2026-11-12,CH-096,PH-012,B1334,12
2026-11-12,CH-077,PH-049,B2457,6
2026-11-12,CH-330,PH-063,B2899,7
2026-11-12,CH-279,PH-071,B3134,3
2026-11-12,CH-137,PH-030,B1854,3
2026-11-12,CH-093,PH-043,VD-1201,6
2026-11-12,CH-054,PH-037,B2094,6
2026-11-12,CH-167,PH-026,B1750,19
2026-11-12,CH-164,PH-031,CS-7790,8
2026-11-12,CH-011,PH-025,B1710,11
2026-11-12,CH-130,PH-057,B2700,2
2026-11-12,CH-086,PH-075,B3212,15
2026-11-12,CH-203,PH-040,B2195,20
2026-11-12,CH-199,PH-036,B2045,11
2026-11-13,CH-196,PH-033,B1948,4
2026-11-13,CH-390,PH-043,VD-1201,11
2026-11-13,CH-227,PH-059,B2761,3
2026-11-13,CH-116,PH-037,B2094,4
2026-11-13,CH-140,PH-043,VD-1201,10
2026-11-13,CH-004,PH-037,B2073,9
2026-11-13,CH-214,PH-001,P-5560,28
2026-11-13,CH-148,PH-060,B2782,4
2026-11-13,CH-274,PH-001,P-5560,21
2026-11-13,CH-349,PH-009,B1255,10
2026-11-13,CH-061,PH-032,B1904,5
2026-11-13,CH-007,PH-073,B3165,8
2026-11-13,CH-134,PH-016,B1462,6
2026-11-13,CH-112,PH-063,B2878,3
2026-11-13,CH-312,PH-074,B3184,9
2026-11-13,CH-169,PH-044,B2305,18
2026-11-13,CH-014,PH-031,CS-7790,4
2026-11-13,CH-213,PH-039,B2168,14
2026-11-13,CH-113,PH-015,B1423,12
2026-11-13,CH-033,PH-018,B1533,9
2026-11-13,CH-164,PH-018,B1533,5
2026-11-13,CH-252,PH-070,B3103,1
2026-11-13,CH-263,PH-006,B1168,1
2026-11-13,CH-206,PH-008,B1221,1
2026-11-13,CH-158,PH-062,B2854,5
2026-11-13,CH-032,PH-051,B2508,16
2026-11-13,CH-085,PH-025,B1716,4
2026-11-13,CH-064,PH-040,B2177,15
2026-11-13,CH-317,PH-030,B1854,2
2026-11-13,CH-195,PH-050,B2475,2
2026-11-13,CH-258,PH-050,B2501,11
2026-11-13,CH-132,PH-075,B3237,7
2026-11-13,CH-145,PH-057,B2700,6
2026-11-13,CH-351,PH-040,B2177,5
2026-11-13,CH-345,PH-036,B2042,23
2026-11-13,CH-004,PH-024,B1699,2
2026-11-13,CH-187,PH-023,B1671,3
2026-11-13,CH-296,PH-053,B2585,6
2026-11-13,CH-321,PH-010,B1300,5
2026-11-13,CH-231,PH-010,B1277,6
2026-11-13,CH-161,PH-055,B2648,5
2026-11-13,CH-305,PH-022,B1629,2
2026-11-13,CH-145,PH-011,B1331,6
2026-11-13,CH-194,PH-056,B2665,1
2026-11-13,CH-385,PH-035,B2006,16
2026-11-13,CH-095,PH-020,B1570,1
2026-11-13,CH-076,PH-021,B1609,2
2026-11-13,CH-128,PH-052,B2547,3
2026-11-13,CH-092,PH-068,B3028,11
2026-11-13,CH-066,PH-052,B2541,25
2026-11-13,CH-227,PH-014,B1405,7
2026-11-13,HS-18,PH-069,B3058,17
2026-11-13,CH-355,PH-026,B1750,8
2026-11-13,CH-290,PH-026,B1737,10
2026-11-13,CH-251,PH-035,B2006,2
2026-11-13,CH-234,PH-028,B1796,9
2026-11-13,CH-152,PH-034,B1977,12
2026-11-13,CH-008,PH-047,B2374,1
2026-11-13,CH-080,PH-072,B3155,7
2026-11-13,CH-213,PH-058,B2740,7
2026-11-13,CH-097,PH-003,B1092,4
2026-11-13,CH-054,PH-048,B2430,3
2026-11-13,CH-024,PH-017,B1488,11
2026-11-13,CH-251,PH-046,B2352,8
2026-11-13,CH-300,PH-029,B1831,11
2026-11-13,CH-191,PH-042,B2234,4
2026-11-13,CH-299,PH-002,B1052,6
2026-11-13,CH-305,PH-066,B2964,3
2026-11-13,CH-397,PH-013,IG-3302,16
2026-11-13,CH-161,PH-064,B2925,7
2026-11-13,CH-065,PH-004,B2231,25
2026-11-13,CH-239,PH-007,B1197,2
2026-11-13,CH-140,PH-027,B1773,8
2026-11-13,CH-034,PH-061,B2813,10
2026-11-13,CH-136,PH-012,B1334,9
2026-11-13,CH-026,PH-054,B2605,3
2026-11-13,CH-124,PH-040,B2195,2
2026-11-13,HS-03,PH-049,B2457,8
2026-11-13,CH-272,PH-041,B2204,8
2026-11-13,HS-04,PH-071,B3134,5
2026-11-13,CH-221,PH-007,B1207,14
2026-11-13,CH-201,PH-067,B3007,21
2026-11-13,CH-341,PH-005,B1135,9
2026-11-13,CH-321,PH-065,B2957,19
2026-11-13,CH-114,PH-038,B2114,4
2026-11-13,CH-290,PH-007,B1179,27
2026-11-13,HS-03,PH-004,B2231,25
2026-11-14,CH-162,PH-039,B2158,14
2026-11-14,CH-067,PH-035,B2006,16
2026-11-14,CH-101,PH-037,B2070,19
2026-11-14,CH-321,PH-042,B2250,4
2026-11-14,CH-318,PH-004,B2231,25
2026-11-14,CH-067,PH-074,B3184,8
2026-11-14,HS-04,PH-036,B2055,18
2026-11-14,CH-293,PH-036,B2055,6
2026-11-14,CH-139,PH-012,B1355,6
2026-11-14,CH-113,PH-040,B2177,17
2026-11-14,CH-377,PH-038,B2149,8
2026-11-14,CH-184,PH-012,B1366,2
2026-11-14,CH-178,PH-064,B2925,15
2026-11-14,CH-195,PH-041,B2204,5
2026-11-14,CH-007,PH-034,B1981,16
2026-11-14,CH-148,PH-011,B1310,8
2026-11-14,CH-098,PH-075,B3212,11
2026-11-14,CH-284,PH-037,B2094,2
2026-11-14,CH-054,PH-070,B3103,4
2026-11-14,CH-368,PH-062,B2854,4
2026-11-14,CH-048,PH-056,B2680,3
2026-11-14,CH-077,PH-026,B1750,8
2026-11-14,CH-332,PH-026,B1757,8
2026-11-14,CH-088,PH-049,B2466,5
2026-11-14,CH-331,PH-018,B1527,15
2026-11-14,HS-05,PH-008,B1247,3
2026-11-14,CH-012,PH-020,B1570,3
2026-11-14,CH-296,PH-057,B2700,9
2026-11-14,CH-138,PH-005,B1140,6
2026-11-14,CH-025,PH-065,B2938,16
2026-11-14,HS-05,PH-054,B2622,3
2026-11-14,CH-096,PH-027,B1764,3
2026-11-14,CH-288,PH-028,B1796,6
2026-11-14,CH-020,PH-067,B3007,16
2026-11-14,CH-237,PH-047,B2374,2
2026-11-14,CH-015,PH-071,B3112,4
2026-11-14,CH-089,PH-072,B3150,8
2026-11-14,CH-079,PH-050,B2475,13
2026-11-14,CH-370,PH-025,B1724,6
2026-11-14,CH-050,PH-014,B1399,3
2026-11-14,HS-09,PH-021,B1622,1
2026-11-14,CH-186,PH-053,B2585,1
2026-11-14,CH-251,PH-053,B2568,6
2026-11-14,CH-054,PH-010,B1300,7
2026-11-14,CH-307,PH-069,B3069,11
2026-11-14,CH-309,PH-061,B2841,11
2026-11-14,CH-299,PH-068,B3028,5
2026-11-14,CH-129,PH-007,B1207,18
2026-11-14,CH-263,PH-007,B1197,9
2026-11-14,CH-024,PH-007,B1197,8
2026-11-14,CH-063,PH-052,B2547,26
2026-11-14,CH-244,PH-023,B1690,5
2026-11-14,CH-117,PH-024,B1699,3
2026-11-14,CH-262,PH-051,B2508,22
2026-11-14,HS-16,PH-033,B1931,2
2026-11-14,CH-249,PH-022,B1646,7
2026-11-14,CH-138,PH-058,B2726,9
2026-11-14,CH-136,PH-027,B1764,5
2026-11-14,CH-014,PH-073,B3165,5
2026-11-14,CH-121,PH-016,B1474,7
2026-11-14,CH-203,PH-073,B3177,3
2026-11-14,CH-382,PH-009,B1255,8
2026-11-14,CH-052,PH-073,B3160,8
2026-11-14,CH-180,PH-003,B1092,8
2026-11-14,CH-253,PH-044,B2305,12
2026-11-14,CH-296,PH-044,B2310,8
2026-11-14,CH-071,PH-044,B2295,1
2026-11-14,CH-142,PH-009,B1269,4
2026-11-14,CH-204,PH-043,VD-1201,26
2026-11-14,CH-253,PH-059,B2761,1
2026-11-14,CH-335,PH-017,B1488,12
2026-11-14,CH-027,PH-030,B1857,4
2026-11-14,CH-351,PH-031,CS-7731,4
2026-11-14,CH-131,PH-060,B2806,2
2026-11-14,CH-026,PH-002,B1045,8
2026-11-14,CH-220,PH-001,P-5560,2
2026-11-14,CH-065,PH-032,B1904,4
2026-11-14,CH-079,PH-046,B2352,7
2026-11-14,CH-301,PH-013,IG-3302,1
2026-11-14,CH-200,PH-015,B1423,11
2026-11-14,CH-396,PH-013,IG-3302,10
2026-11-14,CH-178,PH-013,IG-3302,5
2026-11-14,CH-346,PH-063,B2899,8
2026-11-14,CH-245,PH-066,B2964,8
2026-11-14,CH-085,PH-029,B1831,12
2026-11-14,CH-149,PH-001,P-5560,33
2026-11-14,CH-376,PH-045,B2324,2
2026-11-14,CH-354,PH-001,P-5560,20
2026-11-15,CH-067,PH-039,B2158,15
2026-11-15,CH-157,PH-060,B2806,6
2026-11-15,CH-291,PH-061,B2813,13
2026-11-15,CH-257,PH-009,B1273,8
2026-11-15,CH-125,PH-015,B1423,6
2026-11-15,CH-047,PH-007,B1179,1
2026-11-15,CH-397,PH-054,B2622,6
2026-11-15,CH-118,PH-066,B2967,6
2026-11-15,CH-250,PH-007,B1179,5
2026-11-15,CH-390,PH-007,B1179,28
2026-11-15,CH-297,PH-058,B2726,5
2026-11-15,CH-060,PH-055,B2632,2
2026-11-15,CH-154,PH-037,B2094,15
2026-11-15,CH-176,PH-057,B2683,5
2026-11-15,CH-180,PH-038,B2149,12
2026-11-15,CH-022,PH-038,B2114,1
2026-11-15,CH-219,PH-067,B3007,20
2026-11-15,CH-332,PH-058,B2740,6
2026-11-15,CH-193,PH-067,B2997,5
2026-11-15,CH-274,PH-017,B1499,18
2026-11-15,CH-197,PH-036,B2045,4
2026-11-15,CH-113,PH-036,B2042,27
2026-11-15,CH-049,PH-067,B2981,2
2026-11-15,CH-245,PH-057,B2683,6
2026-11-15,CH-164,PH-059,B2773,4
2026-11-15,CH-379,PH-018,B1527,10
2026-11-15,CH-185,PH-019,B1540,3
2026-11-15,CH-272,PH-016,B1454,10
2026-11-15,CH-204,PH-056,B2665,5
2026-11-15,CH-380,PH-011,B1331,10
2026-11-15,CH-170,PH-020,B1579,1
2026-11-15,CH-168,PH-068,B3025,3
2026-11-15,CH-372,PH-061,B2813,7
2026-11-15,CH-398,PH-032,B1922,3
2026-11-15,CH-029,PH-035,B2033,12
2026-11-15,CH-004,PH-027,B1773,8
2026-11-15,CH-254,PH-048,B2430,4
2026-11-15,CH-130,PH-041,B2225,4
2026-11-15,CH-147,PH-028,B1791,5
2026-11-15,CH-202,PH-047,B2383,3
2026-11-15,CH-154,PH-072,B3155,7
2026-11-15,CH-094,PH-003,B1092,4
2026-11-15,CH-015,PH-046,B2352,2
2026-11-15,CH-355,PH-029,B1831,7
2026-11-15,CH-027,PH-002,B1052,4
2026-11-15,CH-221,PH-042,B2250,8
2026-11-15,CH-354,PH-065,B2957,19
2026-11-15,CH-137,PH-033,B1948,4
2026-11-15,CH-123,PH-044,B2295,18
2026-11-15,CH-098,PH-073,B3160,9
2026-11-15,CH-387,PH-073,B3165,3
2026-11-15,CH-265,PH-031,CS-7790,6
2026-11-15,CH-123,PH-043,VD-1201,22
2026-11-15,CH-397,PH-001,P-5560,29
2026-11-15,CH-369,PH-001,P-5560,23
2026-11-15,CH-232,PH-001,P-5560,21
2026-11-15,CH-222,PH-001,P-5560,12
2026-11-15,CH-226,PH-074,B3206,5
2026-11-15,CH-135,PH-063,B2891,10
2026-11-15,CH-221,PH-030,B1857,1
2026-11-15,CH-343,PH-014,B1399,7
2026-11-15,CH-162,PH-071,B3112,2
2026-11-15,CH-113,PH-034,B1977,11
2026-11-15,CH-204,PH-021,B1609,4
2026-11-15,CH-227,PH-053,B2576,7
2026-11-15,CH-369,PH-069,B3058,10
2026-11-15,CH-008,PH-004,B2231,25
2026-11-15,CH-093,PH-022,B1656,11
2026-11-15,CH-318,PH-052,B2541,27
2026-11-15,CH-144,PH-010,B1300,6
2026-11-15,CH-126,PH-023,B1671,5
2026-11-15,CH-366,PH-024,B1703,5
2026-11-15,CH-191,PH-051,B2508,19
2026-11-15,CH-128,PH-006,B1168,1
2026-11-15,CH-082,PH-064,B2925,16
2026-11-15,CH-137,PH-025,B1716,16
2026-11-15,CH-183,PH-050,B2475,12
2026-11-15,CH-054,PH-075,B3237,8
2026-11-15,CH-335,PH-005,B1140,3
2026-11-15,CH-346,PH-062,B2874,4
2026-11-15,CH-388,PH-013,IG-3302,1
2026-11-15,CH-073,PH-026,B1737,25
2026-11-15,CH-348,PH-049,B2442,3
2026-11-15,CH-203,PH-013,IG-3302,7
2026-11-15,CH-233,PH-040,B2177,8
2026-11-15,CH-032,PH-040,B2177,12
2026-11-15,CH-164,PH-012,B1366,5
2026-11-15,CH-092,PH-050,B2501,1
2026-11-15,CH-389,PH-065,B2948,12
